Row,Query,Database,Target/Description,pident,alnlen,mismatch(not sure),gapopen,qstart,Qend,tstart,tend,Prob.,E-value,Score(not sure),Query length,Target length,Qaln,Taln,tca,tseq,Taxid,taxname/species,Taxon ID,Lineage,Super Kingdom,Kingdom,Phylum,Class,Order,Family,Genus,Species,Known Gut Microbe,key
76056,Pancreatic_polypeptide_7X9C,CATH50,af_B7ZYV4_369_566_2.40.37.10,35.4,31,15,3,2,31,36,62,0.045,7.09,23,35,198,PLEPVYPGDNATPEQMAQYAADLRRY-INML,PRAPVGG---AT-AAVYSHAADLKKHGIEMY,"-2.871,6.473,-9.185,0.880,6.795,-9.838,3.726,5.473,-11.966,7.516,5.928,-11.869,9.088,7.039,-15.182,12.610,5.716,-15.719,14.904,7.294,-18.316,17.168,4.891,-20.242,20.752,6.248,-20.288,22.412,3.340,-22.156,21.806,-0.263,-23.255,24.827,-2.636,-23.341,25.096,-6.461,-23.735,25.360,-8.173,-20.315,28.889,-9.606,-19.749,28.818,-13.390,-20.209,30.017,-15.671,-17.365,33.098,-17.786,-18.361,31.356,-21.056,-17.279,29.265,-22.856,-19.978,25.743,-24.284,-19.363,27.271,-27.827,-19.475,30.031,-26.954,-16.926,27.427,-25.477,-14.517,25.177,-28.569,-14.941,28.142,-30.911,-14.202,28.975,-28.843,-11.043,25.314,-29.119,-9.864,25.389,-32.919,-10.459,28.722,-33.344,-8.558,27.350,-31.169,-5.709,24.123,-33.301,-5.588,26.295,-36.448,-4.973,28.139,-34.637,-2.072,25.007,-34.105,0.095,25.828,-33.771,3.875,25.380,-37.168,5.626,23.188,-37.509,8.721,25.214,-37.796,11.990,25.516,-41.262,13.584,24.049,-40.601,17.081,21.430,-38.238,18.637,23.677,-35.552,20.228,21.848,-32.149,19.845,25.135,-30.464,18.760,25.668,-32.977,15.883,22.046,-32.432,14.681,22.587,-28.628,14.772,25.900,-28.887,12.809,24.229,-31.175,10.237,21.322,-28.698,9.799,23.912,-25.907,9.196,25.787,-28.059,6.593,22.468,-28.889,4.820,21.653,-25.134,4.736,25.113,-24.299,3.253,24.746,-27.108,0.675,21.253,-25.887,-0.365,22.602,-22.297,-0.788,25.483,-23.513,-3.046,23.023,-25.608,-5.148,20.710,-22.551,-5.398,23.605,-20.240,-6.494,24.703,-22.690,-9.231,21.050,-23.202,-10.327,20.571,-19.382,-10.558,23.807,-19.096,-12.645,22.703,-21.979,-14.920,19.280,-20.309,-15.473,20.996,-17.008,-16.461,23.558,-18.800,-18.714,20.843,-20.815,-20.563,18.942,-17.553,-21.306,22.206,-15.833,-22.426,23.121,-18.840,-24.682,19.666,-18.544,-26.374,19.536,-14.700,-26.692,21.801,-11.702,-25.967,20.600,-10.127,-22.696,21.089,-6.335,-22.448,21.661,-4.206,-19.329,19.492,-1.072,-19.678,21.091,1.541,-17.413,18.199,3.529,-15.926,18.338,6.946,-14.215,17.133,5.147,-11.049,17.908,4.255,-7.448,16.078,0.972,-6.599,16.597,1.761,-2.879,14.933,5.213,-3.252,12.042,4.383,-5.632,11.485,0.594,-5.344,12.161,-0.309,-1.643,9.547,-3.162,-1.612,11.239,-4.755,-4.699,14.567,-4.828,-2.817,13.249,-5.487,0.731,10.469,-8.093,0.162,10.818,-9.156,-3.528,7.641,-7.247,-4.558,7.096,-7.283,-8.338,5.668,-4.310,-10.251,4.346,-4.161,-13.815,7.039,-2.588,-15.999,6.799,-1.633,-19.687,8.018,0.907,-22.305,6.026,4.186,-22.361,6.153,4.340,-26.214,6.802,2.206,-29.370,4.318,-0.499,-28.197,3.190,-0.657,-31.875,6.728,-1.976,-32.700,7.983,-5.471,-31.775,10.398,-5.369,-28.782,13.351,-7.383,-30.206,15.688,-7.232,-27.143,15.717,-9.015,-23.763,16.641,-6.435,-21.108,17.394,-6.176,-17.400,17.102,-2.753,-15.704,20.290,-1.586,-13.906,20.230,1.440,-11.589,22.939,4.191,-11.164,23.984,3.091,-7.640,27.378,1.496,-6.908,25.568,-1.457,-5.224,25.097,-4.744,-7.136,21.583,-5.106,-5.596,20.652,-1.996,-7.723,19.344,-4.360,-10.491,15.839,-5.390,-11.625,16.166,-8.958,-12.968,12.736,-10.390,-11.976,9.497,-9.289,-13.684,5.748,-10.047,-13.254,6.039,-12.509,-16.213,8.280,-14.637,-13.858,11.036,-14.192,-16.475,14.490,-12.764,-15.660,14.207,-10.263,-18.584,11.827,-7.581,-19.894,11.076,-7.368,-23.675,12.509,-3.975,-24.812,13.194,-1.979,-27.994,16.656,-0.994,-29.258,17.824,2.101,-27.362,19.041,4.749,-29.830,19.804,8.247,-28.341,19.183,9.818,-31.818,15.463,8.769,-31.646,14.908,10.815,-28.425,14.161,9.627,-24.875,13.394,5.942,-24.171,11.267,5.546,-21.038,10.117,2.571,-18.936,7.123,3.004,-16.631,6.929,1.190,-13.284,3.174,0.910,-12.698,0.924,0.245,-9.676,3.663,1.907,-7.516,1.621,4.523,-5.546,1.483,2.517,-2.273,4.446,2.332,0.221,7.259,3.170,-2.275,7.505,6.880,-1.342,6.884,6.176,2.391,9.799,3.663,2.708,12.171,5.449,0.236,15.868,5.063,1.153,18.761,7.525,0.559,21.348,4.975,-0.684,24.346,6.806,-2.275,22.483,10.038,-1.281,19.974,9.484,-4.130,16.639,10.706,-2.702,13.186,11.607,-4.048,11.864,11.899,-7.664,10.376,14.874,-9.504,6.603,14.735,-8.737,4.244,15.555,-11.647,0.529,15.980,-10.907,-1.794,15.433,-13.881,-5.516,16.245,-13.987,-7.927,15.120,-16.692,-9.011,18.022,-18.953,-12.052,18.384,-21.242,-10.724,21.674,-22.722,-7.031,20.985,-23.555,-5.672,19.073,-26.530,-4.578,15.562,-25.392,-7.211,15.351,-22.580,-4.971,16.451,-19.632,-3.272,19.322,-17.814,-0.161,19.472,-15.615,-1.438,20.944,-12.317,2.029,20.937,-10.706,5.685,19.935,-11.111,7.679,19.597,-7.857",HSMIILETLSAIPEPQDEDTSEQLLNRIQDLSYKQPRAPVGGATAAVYSHAADLKKHGIEMYKLGKKLGKRVVADANTVYNYHMNLSVFSLLPDFWGIGQLFPMMPVSRLNEEPTLKGTLVDITCDSDGKIENFISRENTLPLHLFEPSLGGYYVAVLVSGAYQEAIAGKHNLFSGPTLVRVNSSTTKDGGFEIERVD,1753.0,Propioniferax innocua,1753.0,cellular organisms; Bacteria; Terrabacteria group; Actinomycetota; Actinomycetes; Propionibacteriales; Propionibacteriaceae; Propioniferax,cellular organisms,Bacteria,Terrabacteria group,Actinomycetota,Actinomycetes,Propionibacteriales,Propionibacteriaceae,Propioniferax,True,top_identity20
60117,Galanin__Human_7XJK,CATH50,af_A0A1D6E3G2_345_488_3.30.70.330,33.3,15,10,0,2,16,110,124,0.057,6.777,25,16,144,WTLNSAGYLLGPHAV,WETSVVQHLINPHAC,"-9.298,-6.345,-2.854,-8.258,-8.130,0.387,-9.403,-5.013,2.323,-12.833,-4.982,0.562,-13.176,-8.766,1.201,-12.424,-8.236,4.945,-15.083,-5.444,5.005,-17.864,-7.686,3.534,-18.879,-8.527,7.158,-18.562,-4.867,8.295,-21.374,-2.501,9.374,-21.388,1.301,9.764,-23.231,2.323,12.964,-24.316,5.990,12.954,-25.153,7.492,16.370,-27.797,10.215,16.644,-27.460,11.766,20.119,-27.328,15.143,21.910,-24.234,13.878,23.866,-20.970,12.111,23.008,-21.687,8.328,23.208,-18.736,6.032,24.001,-17.943,2.903,21.934,-18.434,0.769,25.108,-22.049,2.068,25.583,-22.845,0.994,21.978,-21.172,-2.440,22.540,-23.318,-3.043,25.697,-26.459,-2.324,23.584,-25.403,-4.367,20.500,-23.522,-7.413,21.908,-26.605,-9.025,23.656,-28.797,-8.333,20.551,-26.208,-9.996,18.244,-25.754,-13.006,20.627,-22.102,-11.888,21.097,-19.803,-11.645,24.100,-19.159,-7.938,24.989,-15.396,-8.541,24.333,-16.125,-10.108,20.882,-17.683,-6.927,19.365,-14.970,-4.394,18.415,-16.245,-0.914,17.466,-13.895,1.655,15.875,-14.422,5.379,15.317,-15.303,5.945,11.607,-16.446,9.623,11.873,-17.455,12.036,14.731,-20.912,10.307,14.914,-20.189,6.912,13.252,-18.507,3.647,14.257,-17.329,0.693,12.136,-18.190,-2.804,13.434,-16.343,-5.763,11.831,-18.497,-8.832,12.524,-17.043,-12.404,12.562,-19.822,-13.757,10.257,-22.458,-12.728,7.673,-25.346,-13.966,9.936,-24.567,-11.313,12.602,-24.191,-8.637,9.877,-27.594,-9.557,8.386,-29.069,-9.677,11.949,-27.623,-6.186,12.701,-28.720,-4.610,9.366,-32.072,-6.379,8.766,-33.397,-6.834,12.393,-31.506,-4.043,14.245,-31.241,-1.384,11.477,-32.572,1.233,13.969,-32.212,0.904,17.781,-33.764,3.497,20.120,-32.145,3.872,23.543,-33.259,6.498,26.148,-30.386,8.915,25.307,-29.425,8.054,21.682,-30.527,6.335,18.465,-28.339,3.870,16.522,-28.678,3.417,12.741,-26.941,0.334,11.304,-26.058,-0.147,7.597,-23.854,-2.587,5.607,-20.440,-1.067,4.814,-19.961,-0.133,1.124,-16.864,0.904,-0.877,-18.989,3.894,-2.087,-19.113,5.427,1.461,-18.105,9.110,0.962,-17.168,8.521,-2.723,-18.333,10.597,-5.723,-18.406,8.730,-9.058,-15.840,9.822,-11.686,-14.304,8.421,-14.944,-10.891,8.681,-16.683,-11.976,9.704,-20.234,-8.654,9.858,-22.114,-6.457,6.918,-23.073,-3.015,8.307,-24.037,0.298,6.878,-25.125,3.102,7.972,-22.752,6.779,8.235,-23.721,9.184,8.579,-20.766,12.835,9.517,-21.482,15.939,9.721,-19.254,14.706,6.971,-16.877,17.726,5.295,-15.185,18.027,1.539,-16.035,17.716,0.406,-12.361,14.390,2.346,-12.113,13.003,0.973,-15.466,10.046,-0.629,-13.634,6.320,-0.126,-14.354,6.055,0.452,-10.559,8.413,3.515,-10.746,6.736,4.869,-13.926,3.318,4.533,-12.198,4.658,6.681,-9.290,6.119,9.231,-11.757,2.781,9.753,-13.629,0.771,9.894,-10.348,-1.315,11.964,-9.559,-2.463,12.560,-13.195,-2.675,9.082,-14.828,-2.825,5.277,-14.328,-1.002,2.739,-16.544,-3.339,0.453,-18.506,-0.587,-1.508,-20.303,3.131,-1.342,-21.147,3.797,-1.287,-24.910,5.628,-4.304,-26.520,8.796,-2.254,-27.344,9.305,-1.607,-23.590,8.183,-5.114,-22.489,10.713,-6.663,-24.930,13.456,-4.104,-23.980,13.861,-3.219,-27.731,14.420,0.448,-26.801,16.010,1.475,-23.438,15.988,5.221,-24.360,12.147,5.411,-24.153,9.678,3.737,-21.774,6.368,3.452,-23.722,2.992,2.697,-22.082,-0.737,3.399,-22.459",SIAEDNLKTAAVITVVSSRDVSADEIVLVLAPRLEMEVGGLVLRQFSQSSFLAVLPNQVQLDTLVDRFHIIREENFMLSSRRWTSFGGAVGNSLKHLVELELRDLPLHAWETSVVQHLINPHACISHVLPDTLEIRNLEVFRCL,1753.0,Propioniferax innocua,1753.0,cellular organisms; Bacteria; Terrabacteria group; Actinomycetota; Actinomycetes; Propionibacteriales; Propionibacteriaceae; Propioniferax,cellular organisms,Bacteria,Terrabacteria group,Actinomycetota,Actinomycetes,Propionibacteriales,Propionibacteriaceae,Propioniferax,True,top_identity20
8733,Fractalkine_7RKN,CATH50,af_A0A1D6FD19_418_460_2.40.50.740,30.0,20,13,1,35,53,12,31,0.024,6.716,19,68,43,GKRAIILETRQHRLFC-ADP,QKGIPYLNTYDDRTIRYPDP,"-25.881,-16.391,11.825,-27.503,-13.890,14.185,-30.406,-12.164,12.361,-32.832,-9.458,13.571,-36.568,-10.185,13.008,-38.337,-7.561,10.801,-41.835,-9.153,11.124,-43.731,-12.319,12.226,-46.754,-13.201,10.017,-49.135,-16.030,8.949,-49.034,-17.430,5.388,-51.454,-19.462,3.271,-53.000,-22.335,5.348,-52.138,-20.453,8.622,-48.410,-21.421,8.489,-46.415,-19.019,10.766,-43.319,-17.399,9.237,-40.941,-14.549,10.079,-38.977,-12.186,7.834,-35.482,-10.958,8.868,-33.774,-7.603,8.166,-31.474,-9.490,5.670,-34.606,-10.487,3.624,-34.747,-14.178,4.761,-38.177,-15.821,5.212,-38.125,-18.502,7.975,-41.171,-20.841,8.284,-42.290,-22.383,11.617,-40.514,-19.903,13.994,-40.795,-20.389,17.782,-44.227,-18.869,18.852,-42.385,-16.774,21.513,-40.463,-14.800,18.782,-41.561,-11.157,18.120,-40.530,-8.347,15.758,-37.109,-6.832,16.735,-35.922,-10.117,18.385,-32.414,-11.430,17.548,-32.619,-15.056,16.361,-29.837,-17.665,15.964,-30.062,-19.316,12.488,-28.086,-22.526,11.652,-26.291,-22.044,8.252",KLCKVRSVQFGQKGIPYLNTYDDRTIRYPDPLIKANDTIKIDL,1753.0,Propioniferax innocua,1753.0,cellular organisms; Bacteria; Terrabacteria group; Actinomycetota; Actinomycetes; Propionibacteriales; Propionibacteriaceae; Propioniferax,cellular organisms,Bacteria,Terrabacteria group,Actinomycetota,Actinomycetes,Propionibacteriales,Propionibacteriaceae,Propioniferax,True,top_identity20
8718,Fractalkine_7RKN,CATH50,af_A0A1D6HAR5_30_302_3.50.50.60,28.5,21,15,0,31,51,31,51,0.034,6.289,21,68,273,QASCGKRAIILETRQHRLFCA,QQDPGTHGPILTTVDGGTIRA,"-0.972,12.006,-9.152,1.633,11.466,-6.467,0.852,12.539,-2.899,3.248,12.523,0.063,2.027,9.848,2.504,2.346,12.389,5.370,0.031,14.961,3.686,-2.530,12.250,2.788,-2.596,10.790,6.357,-2.709,14.257,8.025,-5.547,15.327,5.679,-7.583,12.163,6.504,-6.810,12.460,10.268,-8.117,16.105,10.290,-11.503,14.839,8.940,-12.301,12.476,11.896,-13.701,13.593,15.322,-11.226,14.838,17.962,-10.167,12.030,20.378,-10.858,9.268,17.745,-7.083,8.511,17.425,-5.254,6.833,20.343,-1.460,6.752,19.846,0.768,4.394,21.924,-2.050,1.764,21.754,-0.046,-1.347,20.724,-2.442,-4.353,20.493,-0.727,-7.649,21.502,-3.699,-10.060,21.847,-7.267,-10.424,20.496,-9.951,-12.678,22.031,-13.704,-13.223,21.614,-15.930,-12.136,24.484,-17.756,-15.312,25.731,-21.133,-13.491,26.170,-21.323,-10.844,23.391,-19.011,-12.642,20.872,-17.412,-9.174,20.337,-13.610,-8.684,20.006,-11.621,-7.918,23.190,-8.182,-6.412,22.507,-5.289,-6.513,25.006,-2.734,-3.678,24.748,1.026,-3.919,25.553,0.463,-1.892,28.788,-2.141,-4.510,29.958,-5.151,-2.318,29.002,-8.331,-3.858,27.527,-10.547,-2.558,24.694,-14.019,-4.051,24.086,-15.381,-3.430,20.575,-18.573,-4.287,18.611,-16.436,-4.288,15.391,-12.671,-4.755,14.867,-10.896,-3.698,11.626,-7.172,-4.532,11.195,-5.332,-1.807,9.197,-1.995,-2.672,10.958,-0.032,-3.600,7.792,1.937,-6.668,6.586,2.770,-7.823,10.198,-0.876,-7.438,11.359,-1.878,-8.873,14.758,-5.549,-8.867,13.567,-4.569,-10.891,10.451,-2.756,-13.386,12.765,-5.879,-13.650,14.994,-7.917,-14.422,11.813,-5.488,-17.354,11.093,-3.828,-15.612,8.096,-0.306,-16.943,7.341,2.462,-14.243,7.278,3.286,-12.460,3.954,6.159,-13.847,1.839,9.258,-11.778,0.994,10.863,-10.981,-2.372,14.652,-10.399,-1.780,14.751,-6.924,-3.379,16.170,-3.713,-1.975,14.194,-0.538,-2.725,15.652,2.925,-2.137,13.013,5.710,-2.187,13.272,9.457,-1.672,12.383,12.974,-2.725,14.405,15.466,-4.776,13.653,19.180,-4.434,13.743,21.435,-7.526,13.656,25.072,-6.200,13.107,26.493,-9.754,10.799,23.620,-10.827,11.628,20.211,-12.333,11.810,19.728,-16.170,9.699,16.493,-16.032,6.133,15.943,-17.358,3.276,14.622,-15.108,4.102,11.011,-16.171,4.987,7.895,-14.206,8.394,6.905,-15.588,9.719,3.343,-15.082,13.147,2.609,-16.625,14.970,-0.712,-16.525,18.513,0.336,-15.591,21.441,-1.847,-16.754,21.079,-5.449,-15.472,18.356,-5.999,-12.788,17.912,-2.330,-11.672,14.601,-0.468,-12.065,14.279,3.289,-11.602,10.924,4.990,-11.092,10.194,8.744,-11.193,6.961,10.512,-10.279,6.340,14.290,-9.868,4.581,15.269,-6.590,4.564,19.058,-7.165,6.303,21.487,-9.596,9.223,21.599,-7.091,9.206,18.009,-5.690,9.902,14.664,-7.391,9.527,11.207,-5.852,11.897,8.484,-7.050,12.630,4.859,-6.367,15.537,2.569,-7.277,15.102,-1.221,-6.944,17.622,-4.043,-7.296,17.940,-7.720,-6.291,19.405,-7.916,-2.777,23.218,-7.686,-3.015,25.167,-10.920,-2.193,25.412,-11.817,1.543,28.525,-9.751,2.481,27.562,-6.275,1.216,26.289,-4.746,4.528,23.278,-3.105,2.651,21.035,-6.063,3.734,21.227,-5.287,7.535,18.768,-2.915,9.308,21.813,-0.853,10.408,23.032,0.355,6.983,22.395,4.042,6.468,20.112,5.061,3.597,23.148,7.146,2.411,25.417,4.056,1.993,22.582,2.388,-0.006,22.239,5.537,-2.160,26.024,5.707,-2.844,26.173,2.027,-3.901,23.121,2.495,-6.185,24.606,5.736,-7.668,27.811,3.862,-8.675,25.684,1.397,-10.739,23.282,4.066,-12.092,26.226,6.103,-13.575,27.090,3.164,-15.884,23.525,2.504,-17.132,21.128,5.476,-16.699,20.872,8.902,-18.315,22.633,11.795,-16.412,19.302,13.361,-15.269,18.340,10.113,-13.420,21.770,9.986,-11.714,21.483,13.703,-10.772,17.926,13.240,-9.363,19.135,10.403,-7.048,22.387,12.305,-6.221,20.503,15.519,-5.207,17.892,13.602,-3.146,17.124,15.015,0.325,18.983,12.730,2.861,16.114,13.050,5.428,13.653,11.784,2.772,15.625,8.570,2.081,13.981,5.231,2.918,15.408,1.716,2.345,13.255,-1.431,2.156,15.306,-4.695,2.033,12.302,-6.927,1.190,9.080,-6.514,-0.781,6.267,-8.213,1.210,3.362,-9.982,-0.515,0.526,-12.424,0.228,0.343,-15.020,-2.542,-2.665,-14.476,-4.870,-4.142,-17.854,-3.705,-3.961,-16.807,-0.031,-5.785,-13.606,-1.115,-8.376,-15.604,-3.122,-9.049,-18.317,-0.465,-8.449,-16.864,3.061,-11.451,-16.131,5.362,-10.426,-12.459,6.101,-13.124,-12.304,8.805,-14.386,-13.914,12.038,-17.697,-12.617,13.463,-17.415,-8.775,13.543,-13.571,-8.903,13.029,-11.993,-8.132,9.591,-8.816,-6.761,7.870,-8.045,-4.132,5.177,-5.038,-2.880,3.149,-1.672,-4.687,3.583,-3.149,-6.784,6.472,-5.596,-8.339,3.915,-3.806,-8.042,0.539,-0.118,-6.997,0.876,1.317,-7.042,-2.675,4.448,-5.986,-4.548,4.596,-2.323,-5.767,4.946,-3.595,-9.410,1.534,-2.139,-10.488,1.307,0.704,-7.875,-2.113,-0.515,-6.521,-1.502,-1.374,-2.794,-2.384,2.106,-1.408,-5.292,2.664,-3.860,-6.733,-0.793,-2.981,-6.532,0.118,0.762,-8.543,3.330,0.030,-11.071,1.241,-1.977,-11.389,-1.087,1.094,-12.223,1.910,3.345,-15.075,2.986,0.967,-16.532,-0.555,0.702,-16.198,-1.078,4.510,-18.009,2.206,5.299,-20.792,1.350,2.788,-21.206,-2.287,3.967,-21.433,-1.043,7.598,-23.962,1.700,6.650,-26.185,-0.790,4.709,-26.128,-3.401,7.484,-27.016,-0.708,10.076,-29.932,0.577,7.902,-31.214,-3.026,7.398,-31.065,-3.780,11.195,-28.369,-6.359,10.257,-25.674,-7.436,12.744,-22.044,-6.197,12.362,-20.924,-9.679,11.180,-23.223,-9.285,8.109,-21.507,-5.967,7.156,-18.072,-7.637,7.505,-19.167,-10.584,5.270,-20.559,-8.186,2.603,-17.253,-6.232,2.616,-15.070,-9.387,2.262,-17.402,-10.812,-0.454,-17.266,-7.582,-2.521,-13.493,-6.936,-2.097,-12.089,-10.505,-2.495,-12.361,-10.771,-6.370,-10.938,-7.223,-6.802,-7.946,-7.680,-4.437,-7.219,-11.253,-5.677,-6.908,-9.988,-9.307,-4.635,-7.079,-8.206,-2.506,-9.499,-6.119,-2.210,-11.861,-9.146,-1.323,-9.050,-11.602,1.298,-7.658,-9.153,2.723,-11.175,-8.518,3.060,-11.893,-12.288,4.522,-8.405,-13.020,7.074,-8.951,-10.186,7.856,-12.445,-11.599,8.296,-11.101,-15.180,10.800,-8.531,-13.817,12.908,-11.426,-12.319,12.336,-14.049,-15.057,15.635,-15.170,-16.693,14.231,-17.831,-19.081,12.288,-16.969,-22.261,9.625,-19.571,-21.236,9.118,-17.877,-17.822",RCLRRKDLIETMAKNIPAGSIRFGCHVVAIQQDPGTHGPILTTVDGGTIRAKVLIGCDGGSSAVARYLGLSPPKAIPRTVLRGFTAYPHGHPFGAEFLRIRGGGEFVVGRLPVTRNLVHFFVTMPNPPTGIMLATKDVSATTTKDFMLEKLRDCCAPEIVQMVQDSDPESLNVVNSIRYRSPWQVALAAFHRGAVTVAGDAMHAMGPFIGQGGSAALEDAVVLARSMSRANAAGGGHGAAVREYVRERRPRVALLSLESFVAGTLLRARSLVG,1753.0,Propioniferax innocua,1753.0,cellular organisms; Bacteria; Terrabacteria group; Actinomycetota; Actinomycetes; Propionibacteriales; Propionibacteriaceae; Propioniferax,cellular organisms,Bacteria,Terrabacteria group,Actinomycetota,Actinomycetes,Propionibacteriales,Propionibacteriaceae,Propioniferax,True,top_identity20
17825,CCL5_7O7F,CATH50,af_A0A1D6JLB6_54_142_3.30.200.20,28.0,25,18,0,23,47,12,36,0.069,4.391,27,67,89,AHIKEYFYTSGKCSNPAVVFVTRKN,TQIKGIRSIGGGCINSAQRYDTDAG,"5.922,5.269,-24.753,9.313,4.970,-26.532,8.843,8.426,-28.086,8.205,10.011,-24.651,11.113,8.109,-22.948,13.588,9.147,-25.721,12.361,12.804,-25.802,10.761,14.127,-22.562,12.254,11.237,-20.465,15.796,12.459,-21.506,17.006,8.921,-22.352,19.211,8.650,-25.480,18.707,4.844,-25.611,16.417,2.073,-24.306,18.857,-0.707,-23.207,16.094,-3.272,-22.501,12.410,-3.867,-21.686,11.408,-6.469,-19.045,7.875,-7.483,-18.080,7.390,-7.092,-14.322,5.028,-9.969,-13.484,1.793,-9.270,-11.545,-1.858,-10.447,-11.975,-3.027,-6.862,-12.576,-5.651,-5.714,-15.129,-2.632,-3.779,-16.564,0.606,-5.069,-18.146,3.604,-3.811,-16.111,7.035,-3.221,-17.730,10.519,-1.967,-16.753,12.242,0.190,-19.382,16.001,0.266,-18.691,17.620,3.379,-20.194,20.818,5.456,-20.034,18.864,8.103,-18.006,17.637,5.467,-15.453,14.801,2.883,-15.270,11.137,3.767,-16.011,8.054,1.859,-14.844,5.299,1.585,-17.473,1.763,0.227,-17.130,-0.349,-0.464,-20.227,-3.980,-1.463,-20.741,-5.108,-2.637,-24.227,-8.879,-2.090,-23.581,-9.354,0.829,-21.131,-9.000,4.487,-22.225,-6.604,7.042,-20.624,-9.224,8.121,-17.975,-8.210,5.282,-15.564,-4.501,6.224,-15.728,-5.363,9.979,-15.554,-7.076,9.236,-12.196,-4.033,7.186,-11.026,-1.548,9.916,-12.140,-3.570,12.679,-10.382,-3.749,10.481,-7.218,0.013,9.722,-7.247,0.767,13.441,-7.882,-1.532,14.568,-5.018,0.178,12.091,-2.611,3.690,13.039,-3.890,3.021,16.773,-3.260,2.309,16.062,0.470,6.047,15.158,0.910,4.987,12.520,3.520,4.952,8.864,2.283,7.011,7.689,-0.736,5.029,7.132,-3.976,6.138,6.646,-7.638,6.364,10.042,-9.394,3.924,9.962,-12.404,5.466,11.348,-15.627,2.970,10.761,-18.483,-0.448,9.316,-19.322,-1.528,8.669,-22.920,-3.511,6.593,-25.421,-1.987,3.634,-27.311,-2.281,3.766,-31.181,-3.667,0.164,-31.118,-6.399,1.191,-28.648,-6.029,1.299,-24.863,-3.810,3.509,-22.659,-0.527,3.782,-20.724,1.126,5.459,-17.712,4.891,6.166,-17.317,6.229,6.691,-13.754,9.343,6.441,-11.539,10.801,2.944,-11.240",IREWILTEGKATQIKGIRSIGGGCINSAQRYDTDAGPFFVKTNSRIGPEMFEGEALGLKAMYDTKSIRVPLPYKVGSLPTGGSFIIMEF,1753.0,Propioniferax innocua,1753.0,cellular organisms; Bacteria; Terrabacteria group; Actinomycetota; Actinomycetes; Propionibacteriales; Propionibacteriaceae; Propioniferax,cellular organisms,Bacteria,Terrabacteria group,Actinomycetota,Actinomycetes,Propionibacteriales,Propionibacteriaceae,Propioniferax,True,top_identity20
22861,Glycoprotein_alpha_8I2G,AFDB-Proteome,AF-A0A0K0JF89-F1-model_v4 BMA-FLR-2,18.9,95,56,5,2,83,59,145,1.0,0.01303,128,88,146,DCPECTLQENPLF-SQPG-----APILQCMGCCFSRAYPTPLRSKKTMLVQKNVTSESTCCVAKSYNRVTV----MGG---FKVENHTACHCSTC,IKSGCRKHGTQYVIDEPGCDLVAVNVNMCSGYCMSFSFVNPEEN--------SITVHGRCCRMVDNEWVKAKVACEGGDRIMRIPSATECRCFDC,"101.435,46.325,-36.639,103.222,46.040,-33.692,104.310,46.132,-30.293,106.669,47.404,-27.878,107.288,46.573,-24.464,108.651,47.774,-21.319,108.905,45.503,-18.255,110.047,46.626,-14.866,110.257,44.311,-11.864,109.921,44.375,-8.074,109.343,42.538,-5.439,107.298,40.312,-3.032,105.940,39.943,0.356,102.898,37.771,1.231,99.940,36.563,3.266,97.287,36.172,5.105,95.236,33.115,4.142,91.754,33.193,5.731,90.362,29.702,4.935,86.594,30.053,4.320,84.722,27.335,6.329,80.975,27.433,5.459,78.501,25.332,4.563,78.030,21.519,4.023,75.021,21.340,6.429,72.452,23.031,4.115,72.457,20.589,1.150,71.581,17.339,3.002,68.627,19.130,4.677,66.975,20.084,1.351,66.974,16.560,-0.172,65.617,14.951,3.036,62.817,17.581,3.141,61.664,16.767,-0.425,61.437,13.018,0.344,59.505,13.588,3.609,57.093,16.028,1.854,56.338,13.543,-0.977,55.940,10.696,1.555,53.531,12.823,3.655,51.590,13.867,0.488,51.190,10.198,-0.535,50.087,9.256,3.009,47.542,12.147,3.108,46.189,11.195,-0.367,45.874,7.536,0.705,44.203,8.573,3.996,41.791,10.811,1.991,40.745,7.798,-0.188,40.044,5.640,2.908,38.182,8.505,4.648,35.887,9.302,1.663,32.686,7.414,2.496,31.598,6.561,-0.961,28.114,8.008,-0.325,26.340,5.245,-2.249,22.827,6.675,-2.575,21.231,3.354,-1.555,18.078,3.192,-3.704,15.479,2.547,-0.993,13.424,-0.291,-2.555,10.648,-2.609,-1.306,6.833,-2.705,-1.076,5.633,-4.294,2.197,2.598,-5.047,4.363,2.257,-3.117,7.645,-0.497,-2.871,10.283,-2.393,0.427,10.706,-5.626,1.724,12.270,-8.363,2.602,9.737,-10.990,5.035,11.071,-14.555,4.619,9.737,-16.260,8.049,9.658,-19.757,7.491,8.271,-22.336,10.335,8.654,-24.942,9.567,11.208,-22.742,6.815,12.697,-20.237,6.519,15.574,-16.502,6.818,14.811,-14.990,3.325,14.715,-11.264,2.527,14.459,-10.276,-0.848,12.981,-6.862,-2.514,12.742,-6.107,-3.334,9.088,-3.078,-4.129,6.938,-1.953,-1.620,4.268,0.771,-1.523,1.605,3.586,1.053,1.795,7.087,1.292,0.313,9.291,2.304,-2.614,9.052,1.001,-6.182,11.461,1.574,-9.073,10.290,4.387,-11.372,12.173,6.123,-14.218,11.592,8.709,-16.960,13.226,9.400,-20.334,12.809,11.923,-23.173,10.919,10.537,-26.196,12.355,12.423,-29.219,9.745,11.058,-31.562,6.811,12.407,-29.518,8.794,15.382,-28.167,7.477,14.140,-24.801,8.728,12.655,-21.524,7.830,8.963,-21.117,7.407,7.842,-17.493,7.489,4.253,-16.220,6.051,4.604,-12.707,5.664,1.669,-10.319,3.420,2.059,-7.235,3.239,-0.007,-4.043,-0.267,-1.559,-3.962,-2.211,-4.460,-2.466,-2.223,-7.578,-4.675,-4.552,-9.616,-2.463,-6.772,-8.778,0.510,-8.935,-10.274,3.243,-12.255,-8.690,4.261,-12.423,-7.414,7.854,-15.987,-6.969,9.171,-16.621,-3.857,11.288,-19.866,-3.292,13.215,-20.789,0.430,13.268,-23.620,1.818,15.427,-25.804,4.291,13.492,-28.971,6.311,14.213,-30.861,3.820,12.013,-29.361,0.828,13.910,-26.167,-1.222,13.652,-24.443,-1.512,10.252,-21.740,-3.986,9.188,-19.011,-2.422,7.009,-16.304,-4.394,5.167,-12.762,-2.954,4.997,-9.989,-4.477,2.833,-6.900,-5.470,4.792,-3.811,-6.201,2.646,-2.563,-9.824,2.702,0.117,-9.200,0.023,1.914,-6.065,-1.246,3.968,-5.609,-4.456,5.121,-3.001,-6.992,2.922,-2.548,-10.109,2.535,0.085,-12.839,0.788,3.133,-11.381,-2.814,3.299,-12.598",MQKTELASTSGSIPVPVTLIQTDTHHLNSSIAFSFTLKRHLLITLLLMFITFPAYSAVIKSGCRKHGTQYVIDEPGCDLVAVNVNMCSGYCMSFSFVNPEENSITVHGRCCRMVDNEWVKAKVACEGGDRIMRIPSATECRCFDCA,6279.0,Brugia malayi,80849.0,cellular organisms; Bacteria; Pseudomonadota; Alphaproteobacteria; Rickettsiales; Anaplasmataceae; Wolbachieae; Wolbachia; unclassified Wolbachia,cellular organisms,Bacteria,Pseudomonadota,Alphaproteobacteria,Rickettsiales,Anaplasmataceae,Wolbachieae,Wolbachia,True,top_evalue
42422,muscarinic_toxin_7_6WJC,AFDB-Proteome,"AF-A0A1P6BKZ2-F1-model_v4 Bm1363, isoform b",20.2,89,42,7,6,68,42,127,1.0,0.01699,115,69,184,TCVK-------SNS---IWFPTSEDCPDGQNLCFKRWQYISPRMYD-FTRGCAA--------------TCPKAEYR-DVINCCGTDKCN,TCYSFFGEFRENGSFQLTEPLTTVSCNQGVNHCFVEF--YRLAYYTWFNGQCDNSFACIYESDYTFSNGC-QATLHGGDRCCCSNKLCN,"-27.604,16.827,-28.878,-30.607,15.410,-26.883,-29.732,11.682,-27.162,-27.057,11.314,-24.422,-29.348,12.261,-21.483,-31.684,9.264,-22.072,-28.814,6.751,-21.630,-27.960,8.271,-18.214,-31.561,7.777,-16.949,-31.764,4.159,-18.221,-28.607,3.262,-16.233,-30.197,4.538,-12.977,-33.386,2.464,-13.540,-31.555,-0.882,-14.001,-29.750,-0.408,-10.646,-33.156,0.086,-8.908,-35.065,-2.947,-10.324,-32.961,-5.917,-9.094,-34.868,-5.622,-5.761,-37.026,-8.789,-6.077,-35.860,-12.295,-6.858,-36.527,-14.960,-4.184,-33.737,-17.487,-3.633,-35.364,-20.245,-1.520,-34.031,-21.656,1.780,-31.511,-24.353,2.401,-31.324,-24.961,6.163,-28.613,-24.649,8.706,-25.971,-22.017,9.297,-26.106,-19.646,12.306,-27.069,-16.075,11.380,-23.958,-13.949,11.715,-25.746,-10.614,12.117,-23.317,-8.302,10.263,-23.398,-5.869,13.251,-20.567,-7.207,15.486,-17.339,-7.310,13.561,-16.187,-3.822,14.559,-13.929,-3.048,11.632,-11.798,-0.713,13.752,-11.630,0.988,10.390,-8.200,2.653,10.590,-6.300,3.156,7.306,-3.315,5.195,6.235,-4.170,8.364,4.248,-1.451,9.445,1.794,-1.024,10.985,-1.655,2.161,11.299,-3.714,4.150,10.940,-6.941,6.947,8.735,-8.284,9.609,10.746,-10.112,11.514,9.608,-13.229,14.728,9.195,-11.145,12.987,6.392,-9.122,12.512,8.700,-6.112,9.082,9.499,-4.669,7.481,12.464,-2.907,4.488,12.622,-0.582,2.279,15.464,-1.807,0.258,14.880,1.396,1.667,13.763,4.790,1.253,10.131,5.747,-1.616,10.243,8.280,-3.674,7.671,10.217,-7.436,8.111,9.630,-10.570,6.525,11.115,-12.919,5.607,8.228,-16.543,6.772,8.162,-19.554,4.523,8.839,-20.072,2.058,5.933,-16.349,2.281,4.936,-14.962,-1.244,5.453,-11.738,-1.287,3.351,-8.426,0.484,2.876,-6.998,0.857,-0.632,-3.837,1.754,-2.514,-4.188,3.004,-6.110,-1.236,3.390,-8.535,-2.090,5.683,-11.473,0.288,4.770,-14.355,0.245,7.610,-16.883,2.929,7.510,-19.618,5.057,10.174,-17.840,3.664,10.232,-14.273,2.989,7.497,-11.728,0.803,8.795,-8.868,-0.305,6.838,-5.788,-3.199,7.290,-3.352,-4.147,5.351,-0.200,-7.279,6.041,1.878,-10.437,4.486,3.319,-13.119,3.158,0.961,-16.271,1.047,0.898,-16.532,-2.467,-0.573,-18.452,-1.089,-3.590,-15.636,1.239,-4.770,-13.236,-1.682,-4.244,-15.567,-4.111,-6.119,-16.487,-1.780,-9.011,-13.020,-0.301,-9.665,-11.465,-3.806,-9.362,-12.741,-7.118,-10.841,-12.832,-9.151,-7.551,-11.673,-12.440,-9.193,-8.390,-12.397,-7.191,-8.269,-12.987,-3.416,-5.121,-10.775,-3.279,-3.576,-8.144,-5.582,-3.809,-4.826,-7.417,-6.104,-4.595,-10.468,-6.275,-2.353,-13.539,-8.642,0.627,-13.189,-10.716,2.172,-15.999,-8.278,5.142,-15.857,-5.066,3.130,-16.479,-4.011,2.684,-12.814,-3.814,-0.307,-10.455,-6.141,-0.377,-7.386,-5.541,-2.753,-4.439,-7.984,-3.140,-1.518,-7.686,-4.785,1.922,-9.902,-5.090,5.021,-7.326,-5.213,7.872,-6.228,-2.302,10.105,-3.560,-0.188,8.314,-3.263,-2.912,5.644,-2.780,-0.487,2.724,0.748,0.108,4.069,1.724,-3.549,3.559,0.512,-3.215,-0.051,2.646,-0.122,-0.780,5.640,-1.712,1.028,5.391,-4.799,-1.213,5.261,-2.570,-4.321,7.832,-0.029,-2.983,9.918,-1.154,0.038,11.369,2.396,0.206,7.971,3.696,1.450,8.898,2.346,4.883,11.128,5.373,5.778,7.892,7.369,6.268,6.632,5.006,9.010,5.799,6.782,12.294,7.339,3.691,13.801,10.922,3.262,12.506,11.096,0.140,14.751,8.849,-2.097,12.586,11.307,-1.851,9.643,14.245,-3.584,11.379,11.983,-6.649,11.818,10.515,-6.715,8.282,13.600,-5.957,6.148,16.748,-6.776,8.252,18.607,-4.074,6.189,17.417,-0.701,4.870,15.777,-1.113,1.427,18.156,-0.023,-1.331,16.209,2.874,-2.864,17.346,3.811,-6.402,17.627,0.595,-8.504,14.169,-0.036,-9.978,15.499,-0.515,-13.528,13.222,1.115,-16.116,10.270,-0.992,-17.065,10.893,0.018,-20.686,7.692,1.805,-21.713,7.102,1.024,-25.369,6.564,4.642,-26.445,4.414,3.540,-29.431,1.694,1.355,-27.832,0.647,2.842,-24.447,1.088,-0.841,-23.407,3.503,-2.158,-20.789,4.898,-5.145,-22.685,7.007,-7.097,-20.168,5.641,-7.407,-16.613,7.003,-10.886,-16.221,6.223,-11.205,-12.497,9.552,-12.315,-11.188,7.970,-13.060,-7.815,10.777,-12.219,-5.416,10.237,-15.154,-3.051,11.691,-14.229,0.330,12.686,-17.495,2.015",MKSMWLLFKYFFFIAAVCHNSKCNKTKGRKGVTSTDIGFNSTCYSFFGEFRENGSFQLTEPLTTVSCNQGVNHCFVEFYRLAYYTWFNGQCDNSFACIYESDYTFSNGCQATLHGGDRCCCSNKLCNFDIILKERPCFAKYLPQQQVLKRLFGRAPICGLIKNASLDRNTNRIHGYQRERIYFY,6279.0,Brugia malayi,80849.0,cellular organisms; Bacteria; Pseudomonadota; Alphaproteobacteria; Rickettsiales; Anaplasmataceae; Wolbachieae; Wolbachia; unclassified Wolbachia,cellular organisms,Bacteria,Pseudomonadota,Alphaproteobacteria,Rickettsiales,Anaplasmataceae,Wolbachieae,Wolbachia,True,top_evalue
42404,muscarinic_toxin_7_6WJC,AFDB-Proteome,AF-A0A5S6PE76-F1-model_v4 Uncharacterized protein,22.6,75,48,2,4,68,6,80,1.0,0.02146,126,69,104,SLTCVKSNSIWFPTSEDCPDGQNLCFKRWQYISPRMYDFTRGCAA---------TCPKAEY-RDVINCCGTDKCN,SLDCLTGRLNFGLMYTQCSANVNYCAKMATIDPVQGLIIEKGCDAENFCATIGSRCLYDNYNEMEICCCRSNLCN,"-22.463,-4.119,21.877,-22.007,-4.328,18.093,-18.314,-5.081,17.495,-17.722,-2.651,14.649,-14.532,-4.431,13.551,-12.491,-1.432,12.387,-10.467,-2.276,9.257,-6.691,-2.574,9.814,-4.510,-1.119,7.004,-0.858,-0.398,6.314,-0.238,3.377,6.511,2.681,5.538,5.338,5.226,5.417,2.511,7.384,2.513,1.289,11.005,3.108,2.438,9.920,5.954,4.790,8.198,3.768,7.430,5.144,1.572,6.950,2.966,1.332,10.083,-0.091,-0.743,10.914,-3.104,1.453,11.706,-6.641,0.645,12.751,-8.868,2.741,10.478,-11.815,4.830,11.628,-15.102,2.881,11.875,-16.393,4.643,8.717,-13.438,3.420,6.573,-14.239,0.280,4.546,-11.080,0.135,2.370,-7.306,0.099,2.458,-5.697,2.188,-0.305,-2.288,1.897,-1.991,-1.125,4.687,-4.342,1.933,4.262,-6.613,3.421,7.274,-8.450,6.683,7.980,-10.312,8.673,10.922,-8.937,11.511,12.111,-11.232,13.899,12.473,-8.247,12.751,9.702,-5.837,11.628,7.066,-8.419,8.721,4.751,-7.536,6.704,6.220,-4.646,4.265,3.838,-2.925,1.878,5.331,-0.335,-0.564,3.245,1.739,-3.473,4.107,4.028,-7.079,3.971,5.185,-9.380,5.323,2.419,-10.644,8.283,4.473,-11.647,10.217,1.303,-13.783,7.278,0.040,-11.970,7.083,-3.344,-12.165,3.262,-3.130,-16.001,3.396,-3.054,-15.906,4.318,-6.780,-12.879,2.114,-7.569,-14.033,-1.015,-5.652,-11.610,-3.832,-4.685,-9.300,-3.403,-7.732,-6.398,-1.399,-9.168,-6.905,1.533,-11.563,-4.098,3.142,-13.569,-4.358,6.850,-14.454,-2.223,7.492,-17.541,-2.486,11.288,-17.052,-0.920,11.362,-13.553,1.201,8.194,-14.032,-0.596,6.966,-10.900,-1.849,3.524,-9.817,-4.553,3.388,-7.108,-5.274,-0.064,-5.601,-8.194,-0.649,-3.205,-9.108,-3.658,-1.010,-11.483,-4.563,1.861,-9.609,-6.923,4.246,-7.136,-6.446,7.126,-3.665,-5.435,5.822,-4.705,-6.263,2.227,-2.713,-3.267,0.903,0.403,-5.279,1.964,0.792,-6.565,-1.624,3.488,-4.775,-3.615,2.331,-3.492,-7.017,3.742,-6.481,-8.945,1.903,-6.097,-12.243,4.303,-4.609,-14.854,7.828,-6.057,-14.362,7.243,-9.773,-13.603,4.727,-10.723,-16.346,7.128,-9.984,-19.255,9.893,-11.621,-17.251,7.835,-14.846,-16.804,6.853,-14.838,-20.506,10.535,-14.371,-21.484,11.680,-17.206,-19.151,8.912,-19.510,-20.500,9.989,-18.724,-24.102,13.642,-19.483,-23.204,12.638,-22.823,-21.563,10.498,-23.876,-24.581,13.348,-23.097,-27.035,15.841,-25.246,-25.033,13.615,-28.397,-24.564",MILVNSLDCLTGRLNFGLMYTQCSANVNYCAKMATIDPVQGLIIEKGCDAENFCATIGSRCLYDNYNEMEICCCRSNLCNGSMTYLYYWLPCLIITFIFITINL,6279.0,Brugia malayi,80849.0,cellular organisms; Bacteria; Pseudomonadota; Alphaproteobacteria; Rickettsiales; Anaplasmataceae; Wolbachieae; Wolbachia; unclassified Wolbachia,cellular organisms,Bacteria,Pseudomonadota,Alphaproteobacteria,Rickettsiales,Anaplasmataceae,Wolbachieae,Wolbachia,True,top_evalue
60193,rho__Da1a_8HN1,AFDB-Proteome,AF-A0A5S6PE76-F1-model_v4 Uncharacterized protein,25.6,74,43,3,1,63,7,79,1.0,0.06333,110,65,104,LTCVTSKSIFGITTEDCPDGQNLCFKRRHYVVPKIYDSTRGCAA---------TCPIPENY--DSIHCCKTDKC,LDCLTGRLNFGLMYTQCSANVNYCAKMATIDPVQGLIIEKGCDAENFCATIGSRC-LYDNYNEMEICCCRSNLC,"-22.463,-4.119,21.877,-22.007,-4.328,18.093,-18.314,-5.081,17.495,-17.722,-2.651,14.649,-14.532,-4.431,13.551,-12.491,-1.432,12.387,-10.467,-2.276,9.257,-6.691,-2.574,9.814,-4.510,-1.119,7.004,-0.858,-0.398,6.314,-0.238,3.377,6.511,2.681,5.538,5.338,5.226,5.417,2.511,7.384,2.513,1.289,11.005,3.108,2.438,9.920,5.954,4.790,8.198,3.768,7.430,5.144,1.572,6.950,2.966,1.332,10.083,-0.091,-0.743,10.914,-3.104,1.453,11.706,-6.641,0.645,12.751,-8.868,2.741,10.478,-11.815,4.830,11.628,-15.102,2.881,11.875,-16.393,4.643,8.717,-13.438,3.420,6.573,-14.239,0.280,4.546,-11.080,0.135,2.370,-7.306,0.099,2.458,-5.697,2.188,-0.305,-2.288,1.897,-1.991,-1.125,4.687,-4.342,1.933,4.262,-6.613,3.421,7.274,-8.450,6.683,7.980,-10.312,8.673,10.922,-8.937,11.511,12.111,-11.232,13.899,12.473,-8.247,12.751,9.702,-5.837,11.628,7.066,-8.419,8.721,4.751,-7.536,6.704,6.220,-4.646,4.265,3.838,-2.925,1.878,5.331,-0.335,-0.564,3.245,1.739,-3.473,4.107,4.028,-7.079,3.971,5.185,-9.380,5.323,2.419,-10.644,8.283,4.473,-11.647,10.217,1.303,-13.783,7.278,0.040,-11.970,7.083,-3.344,-12.165,3.262,-3.130,-16.001,3.396,-3.054,-15.906,4.318,-6.780,-12.879,2.114,-7.569,-14.033,-1.015,-5.652,-11.610,-3.832,-4.685,-9.300,-3.403,-7.732,-6.398,-1.399,-9.168,-6.905,1.533,-11.563,-4.098,3.142,-13.569,-4.358,6.850,-14.454,-2.223,7.492,-17.541,-2.486,11.288,-17.052,-0.920,11.362,-13.553,1.201,8.194,-14.032,-0.596,6.966,-10.900,-1.849,3.524,-9.817,-4.553,3.388,-7.108,-5.274,-0.064,-5.601,-8.194,-0.649,-3.205,-9.108,-3.658,-1.010,-11.483,-4.563,1.861,-9.609,-6.923,4.246,-7.136,-6.446,7.126,-3.665,-5.435,5.822,-4.705,-6.263,2.227,-2.713,-3.267,0.903,0.403,-5.279,1.964,0.792,-6.565,-1.624,3.488,-4.775,-3.615,2.331,-3.492,-7.017,3.742,-6.481,-8.945,1.903,-6.097,-12.243,4.303,-4.609,-14.854,7.828,-6.057,-14.362,7.243,-9.773,-13.603,4.727,-10.723,-16.346,7.128,-9.984,-19.255,9.893,-11.621,-17.251,7.835,-14.846,-16.804,6.853,-14.838,-20.506,10.535,-14.371,-21.484,11.680,-17.206,-19.151,8.912,-19.510,-20.500,9.989,-18.724,-24.102,13.642,-19.483,-23.204,12.638,-22.823,-21.563,10.498,-23.876,-24.581,13.348,-23.097,-27.035,15.841,-25.246,-25.033,13.615,-28.397,-24.564",MILVNSLDCLTGRLNFGLMYTQCSANVNYCAKMATIDPVQGLIIEKGCDAENFCATIGSRCLYDNYNEMEICCCRSNLCNGSMTYLYYWLPCLIITFIFITINL,6279.0,Brugia malayi,80849.0,cellular organisms; Bacteria; Pseudomonadota; Alphaproteobacteria; Rickettsiales; Anaplasmataceae; Wolbachieae; Wolbachia; unclassified Wolbachia,cellular organisms,Bacteria,Pseudomonadota,Alphaproteobacteria,Rickettsiales,Anaplasmataceae,Wolbachieae,Wolbachia,True,top_evalue
43543,muscarinic_toxin_7_6WJC,AFDB50,AF-A0A5S6PE76-F1-model_v4 Uncharacterized protein,22.6,75,48,2,4,68,6,80,1.0,0.07889,126,69,104,SLTCVKSNSIWFPTSEDCPDGQNLCFKRWQYISPRMYDFTRGCAA---------TCPKAEY-RDVINCCGTDKCN,SLDCLTGRLNFGLMYTQCSANVNYCAKMATIDPVQGLIIEKGCDAENFCATIGSRCLYDNYNEMEICCCRSNLCN,"-22.463,-4.119,21.877,-22.007,-4.328,18.093,-18.314,-5.081,17.495,-17.722,-2.651,14.649,-14.532,-4.431,13.551,-12.491,-1.432,12.387,-10.467,-2.276,9.257,-6.691,-2.574,9.814,-4.510,-1.119,7.004,-0.858,-0.398,6.314,-0.238,3.377,6.511,2.681,5.538,5.338,5.226,5.417,2.511,7.384,2.513,1.289,11.005,3.108,2.438,9.920,5.954,4.790,8.198,3.768,7.430,5.144,1.572,6.950,2.966,1.332,10.083,-0.091,-0.743,10.914,-3.104,1.453,11.706,-6.641,0.645,12.751,-8.868,2.741,10.478,-11.815,4.830,11.628,-15.102,2.881,11.875,-16.393,4.643,8.717,-13.438,3.420,6.573,-14.239,0.280,4.546,-11.080,0.135,2.370,-7.306,0.099,2.458,-5.697,2.188,-0.305,-2.288,1.897,-1.991,-1.125,4.687,-4.342,1.933,4.262,-6.613,3.421,7.274,-8.450,6.683,7.980,-10.312,8.673,10.922,-8.937,11.511,12.111,-11.232,13.899,12.473,-8.247,12.751,9.702,-5.837,11.628,7.066,-8.419,8.721,4.751,-7.536,6.704,6.220,-4.646,4.265,3.838,-2.925,1.878,5.331,-0.335,-0.564,3.245,1.739,-3.473,4.107,4.028,-7.079,3.971,5.185,-9.380,5.323,2.419,-10.644,8.283,4.473,-11.647,10.217,1.303,-13.783,7.278,0.040,-11.970,7.083,-3.344,-12.165,3.262,-3.130,-16.001,3.396,-3.054,-15.906,4.318,-6.780,-12.879,2.114,-7.569,-14.033,-1.015,-5.652,-11.610,-3.832,-4.685,-9.300,-3.403,-7.732,-6.398,-1.399,-9.168,-6.905,1.533,-11.563,-4.098,3.142,-13.569,-4.358,6.850,-14.454,-2.223,7.492,-17.541,-2.486,11.288,-17.052,-0.920,11.362,-13.553,1.201,8.194,-14.032,-0.596,6.966,-10.900,-1.849,3.524,-9.817,-4.553,3.388,-7.108,-5.274,-0.064,-5.601,-8.194,-0.649,-3.205,-9.108,-3.658,-1.010,-11.483,-4.563,1.861,-9.609,-6.923,4.246,-7.136,-6.446,7.126,-3.665,-5.435,5.822,-4.705,-6.263,2.227,-2.713,-3.267,0.903,0.403,-5.279,1.964,0.792,-6.565,-1.624,3.488,-4.775,-3.615,2.331,-3.492,-7.017,3.742,-6.481,-8.945,1.903,-6.097,-12.243,4.303,-4.609,-14.854,7.828,-6.057,-14.362,7.243,-9.773,-13.603,4.727,-10.723,-16.346,7.128,-9.984,-19.255,9.893,-11.621,-17.251,7.835,-14.846,-16.804,6.853,-14.838,-20.506,10.535,-14.371,-21.484,11.680,-17.206,-19.151,8.912,-19.510,-20.500,9.989,-18.724,-24.102,13.642,-19.483,-23.204,12.638,-22.823,-21.563,10.498,-23.876,-24.581,13.348,-23.097,-27.035,15.841,-25.246,-25.033,13.615,-28.397,-24.564",MILVNSLDCLTGRLNFGLMYTQCSANVNYCAKMATIDPVQGLIIEKGCDAENFCATIGSRCLYDNYNEMEICCCRSNLCNGSMTYLYYWLPCLIITFIFITINL,6279.0,Brugia malayi,80849.0,cellular organisms; Bacteria; Pseudomonadota; Alphaproteobacteria; Rickettsiales; Anaplasmataceae; Wolbachieae; Wolbachia; unclassified Wolbachia,cellular organisms,Bacteria,Pseudomonadota,Alphaproteobacteria,Rickettsiales,Anaplasmataceae,Wolbachieae,Wolbachia,True,top_evalue
22861,Glycoprotein_alpha_8I2G,AFDB-Proteome,AF-A0A0K0JF89-F1-model_v4 BMA-FLR-2,18.9,95,56,5,2,83,59,145,1.0,0.01303,128,88,146,DCPECTLQENPLF-SQPG-----APILQCMGCCFSRAYPTPLRSKKTMLVQKNVTSESTCCVAKSYNRVTV----MGG---FKVENHTACHCSTC,IKSGCRKHGTQYVIDEPGCDLVAVNVNMCSGYCMSFSFVNPEEN--------SITVHGRCCRMVDNEWVKAKVACEGGDRIMRIPSATECRCFDC,"101.435,46.325,-36.639,103.222,46.040,-33.692,104.310,46.132,-30.293,106.669,47.404,-27.878,107.288,46.573,-24.464,108.651,47.774,-21.319,108.905,45.503,-18.255,110.047,46.626,-14.866,110.257,44.311,-11.864,109.921,44.375,-8.074,109.343,42.538,-5.439,107.298,40.312,-3.032,105.940,39.943,0.356,102.898,37.771,1.231,99.940,36.563,3.266,97.287,36.172,5.105,95.236,33.115,4.142,91.754,33.193,5.731,90.362,29.702,4.935,86.594,30.053,4.320,84.722,27.335,6.329,80.975,27.433,5.459,78.501,25.332,4.563,78.030,21.519,4.023,75.021,21.340,6.429,72.452,23.031,4.115,72.457,20.589,1.150,71.581,17.339,3.002,68.627,19.130,4.677,66.975,20.084,1.351,66.974,16.560,-0.172,65.617,14.951,3.036,62.817,17.581,3.141,61.664,16.767,-0.425,61.437,13.018,0.344,59.505,13.588,3.609,57.093,16.028,1.854,56.338,13.543,-0.977,55.940,10.696,1.555,53.531,12.823,3.655,51.590,13.867,0.488,51.190,10.198,-0.535,50.087,9.256,3.009,47.542,12.147,3.108,46.189,11.195,-0.367,45.874,7.536,0.705,44.203,8.573,3.996,41.791,10.811,1.991,40.745,7.798,-0.188,40.044,5.640,2.908,38.182,8.505,4.648,35.887,9.302,1.663,32.686,7.414,2.496,31.598,6.561,-0.961,28.114,8.008,-0.325,26.340,5.245,-2.249,22.827,6.675,-2.575,21.231,3.354,-1.555,18.078,3.192,-3.704,15.479,2.547,-0.993,13.424,-0.291,-2.555,10.648,-2.609,-1.306,6.833,-2.705,-1.076,5.633,-4.294,2.197,2.598,-5.047,4.363,2.257,-3.117,7.645,-0.497,-2.871,10.283,-2.393,0.427,10.706,-5.626,1.724,12.270,-8.363,2.602,9.737,-10.990,5.035,11.071,-14.555,4.619,9.737,-16.260,8.049,9.658,-19.757,7.491,8.271,-22.336,10.335,8.654,-24.942,9.567,11.208,-22.742,6.815,12.697,-20.237,6.519,15.574,-16.502,6.818,14.811,-14.990,3.325,14.715,-11.264,2.527,14.459,-10.276,-0.848,12.981,-6.862,-2.514,12.742,-6.107,-3.334,9.088,-3.078,-4.129,6.938,-1.953,-1.620,4.268,0.771,-1.523,1.605,3.586,1.053,1.795,7.087,1.292,0.313,9.291,2.304,-2.614,9.052,1.001,-6.182,11.461,1.574,-9.073,10.290,4.387,-11.372,12.173,6.123,-14.218,11.592,8.709,-16.960,13.226,9.400,-20.334,12.809,11.923,-23.173,10.919,10.537,-26.196,12.355,12.423,-29.219,9.745,11.058,-31.562,6.811,12.407,-29.518,8.794,15.382,-28.167,7.477,14.140,-24.801,8.728,12.655,-21.524,7.830,8.963,-21.117,7.407,7.842,-17.493,7.489,4.253,-16.220,6.051,4.604,-12.707,5.664,1.669,-10.319,3.420,2.059,-7.235,3.239,-0.007,-4.043,-0.267,-1.559,-3.962,-2.211,-4.460,-2.466,-2.223,-7.578,-4.675,-4.552,-9.616,-2.463,-6.772,-8.778,0.510,-8.935,-10.274,3.243,-12.255,-8.690,4.261,-12.423,-7.414,7.854,-15.987,-6.969,9.171,-16.621,-3.857,11.288,-19.866,-3.292,13.215,-20.789,0.430,13.268,-23.620,1.818,15.427,-25.804,4.291,13.492,-28.971,6.311,14.213,-30.861,3.820,12.013,-29.361,0.828,13.910,-26.167,-1.222,13.652,-24.443,-1.512,10.252,-21.740,-3.986,9.188,-19.011,-2.422,7.009,-16.304,-4.394,5.167,-12.762,-2.954,4.997,-9.989,-4.477,2.833,-6.900,-5.470,4.792,-3.811,-6.201,2.646,-2.563,-9.824,2.702,0.117,-9.200,0.023,1.914,-6.065,-1.246,3.968,-5.609,-4.456,5.121,-3.001,-6.992,2.922,-2.548,-10.109,2.535,0.085,-12.839,0.788,3.133,-11.381,-2.814,3.299,-12.598",MQKTELASTSGSIPVPVTLIQTDTHHLNSSIAFSFTLKRHLLITLLLMFITFPAYSAVIKSGCRKHGTQYVIDEPGCDLVAVNVNMCSGYCMSFSFVNPEENSITVHGRCCRMVDNEWVKAKVACEGGDRIMRIPSATECRCFDCA,6279.0,Brugia malayi,80849.0,cellular organisms; Bacteria; Pseudomonadota; Alphaproteobacteria; Rickettsiales; Anaplasmataceae; Wolbachieae; Wolbachia; unclassified Wolbachia,cellular organisms,Bacteria,Pseudomonadota,Alphaproteobacteria,Rickettsiales,Anaplasmataceae,Wolbachieae,Wolbachia,True,top_prob
42404,muscarinic_toxin_7_6WJC,AFDB-Proteome,AF-A0A5S6PE76-F1-model_v4 Uncharacterized protein,22.6,75,48,2,4,68,6,80,1.0,0.02146,126,69,104,SLTCVKSNSIWFPTSEDCPDGQNLCFKRWQYISPRMYDFTRGCAA---------TCPKAEY-RDVINCCGTDKCN,SLDCLTGRLNFGLMYTQCSANVNYCAKMATIDPVQGLIIEKGCDAENFCATIGSRCLYDNYNEMEICCCRSNLCN,"-22.463,-4.119,21.877,-22.007,-4.328,18.093,-18.314,-5.081,17.495,-17.722,-2.651,14.649,-14.532,-4.431,13.551,-12.491,-1.432,12.387,-10.467,-2.276,9.257,-6.691,-2.574,9.814,-4.510,-1.119,7.004,-0.858,-0.398,6.314,-0.238,3.377,6.511,2.681,5.538,5.338,5.226,5.417,2.511,7.384,2.513,1.289,11.005,3.108,2.438,9.920,5.954,4.790,8.198,3.768,7.430,5.144,1.572,6.950,2.966,1.332,10.083,-0.091,-0.743,10.914,-3.104,1.453,11.706,-6.641,0.645,12.751,-8.868,2.741,10.478,-11.815,4.830,11.628,-15.102,2.881,11.875,-16.393,4.643,8.717,-13.438,3.420,6.573,-14.239,0.280,4.546,-11.080,0.135,2.370,-7.306,0.099,2.458,-5.697,2.188,-0.305,-2.288,1.897,-1.991,-1.125,4.687,-4.342,1.933,4.262,-6.613,3.421,7.274,-8.450,6.683,7.980,-10.312,8.673,10.922,-8.937,11.511,12.111,-11.232,13.899,12.473,-8.247,12.751,9.702,-5.837,11.628,7.066,-8.419,8.721,4.751,-7.536,6.704,6.220,-4.646,4.265,3.838,-2.925,1.878,5.331,-0.335,-0.564,3.245,1.739,-3.473,4.107,4.028,-7.079,3.971,5.185,-9.380,5.323,2.419,-10.644,8.283,4.473,-11.647,10.217,1.303,-13.783,7.278,0.040,-11.970,7.083,-3.344,-12.165,3.262,-3.130,-16.001,3.396,-3.054,-15.906,4.318,-6.780,-12.879,2.114,-7.569,-14.033,-1.015,-5.652,-11.610,-3.832,-4.685,-9.300,-3.403,-7.732,-6.398,-1.399,-9.168,-6.905,1.533,-11.563,-4.098,3.142,-13.569,-4.358,6.850,-14.454,-2.223,7.492,-17.541,-2.486,11.288,-17.052,-0.920,11.362,-13.553,1.201,8.194,-14.032,-0.596,6.966,-10.900,-1.849,3.524,-9.817,-4.553,3.388,-7.108,-5.274,-0.064,-5.601,-8.194,-0.649,-3.205,-9.108,-3.658,-1.010,-11.483,-4.563,1.861,-9.609,-6.923,4.246,-7.136,-6.446,7.126,-3.665,-5.435,5.822,-4.705,-6.263,2.227,-2.713,-3.267,0.903,0.403,-5.279,1.964,0.792,-6.565,-1.624,3.488,-4.775,-3.615,2.331,-3.492,-7.017,3.742,-6.481,-8.945,1.903,-6.097,-12.243,4.303,-4.609,-14.854,7.828,-6.057,-14.362,7.243,-9.773,-13.603,4.727,-10.723,-16.346,7.128,-9.984,-19.255,9.893,-11.621,-17.251,7.835,-14.846,-16.804,6.853,-14.838,-20.506,10.535,-14.371,-21.484,11.680,-17.206,-19.151,8.912,-19.510,-20.500,9.989,-18.724,-24.102,13.642,-19.483,-23.204,12.638,-22.823,-21.563,10.498,-23.876,-24.581,13.348,-23.097,-27.035,15.841,-25.246,-25.033,13.615,-28.397,-24.564",MILVNSLDCLTGRLNFGLMYTQCSANVNYCAKMATIDPVQGLIIEKGCDAENFCATIGSRCLYDNYNEMEICCCRSNLCNGSMTYLYYWLPCLIITFIFITINL,6279.0,Brugia malayi,80849.0,cellular organisms; Bacteria; Pseudomonadota; Alphaproteobacteria; Rickettsiales; Anaplasmataceae; Wolbachieae; Wolbachia; unclassified Wolbachia,cellular organisms,Bacteria,Pseudomonadota,Alphaproteobacteria,Rickettsiales,Anaplasmataceae,Wolbachieae,Wolbachia,True,top_prob
42422,muscarinic_toxin_7_6WJC,AFDB-Proteome,"AF-A0A1P6BKZ2-F1-model_v4 Bm1363, isoform b",20.2,89,42,7,6,68,42,127,1.0,0.01699,115,69,184,TCVK-------SNS---IWFPTSEDCPDGQNLCFKRWQYISPRMYD-FTRGCAA--------------TCPKAEYR-DVINCCGTDKCN,TCYSFFGEFRENGSFQLTEPLTTVSCNQGVNHCFVEF--YRLAYYTWFNGQCDNSFACIYESDYTFSNGC-QATLHGGDRCCCSNKLCN,"-27.604,16.827,-28.878,-30.607,15.410,-26.883,-29.732,11.682,-27.162,-27.057,11.314,-24.422,-29.348,12.261,-21.483,-31.684,9.264,-22.072,-28.814,6.751,-21.630,-27.960,8.271,-18.214,-31.561,7.777,-16.949,-31.764,4.159,-18.221,-28.607,3.262,-16.233,-30.197,4.538,-12.977,-33.386,2.464,-13.540,-31.555,-0.882,-14.001,-29.750,-0.408,-10.646,-33.156,0.086,-8.908,-35.065,-2.947,-10.324,-32.961,-5.917,-9.094,-34.868,-5.622,-5.761,-37.026,-8.789,-6.077,-35.860,-12.295,-6.858,-36.527,-14.960,-4.184,-33.737,-17.487,-3.633,-35.364,-20.245,-1.520,-34.031,-21.656,1.780,-31.511,-24.353,2.401,-31.324,-24.961,6.163,-28.613,-24.649,8.706,-25.971,-22.017,9.297,-26.106,-19.646,12.306,-27.069,-16.075,11.380,-23.958,-13.949,11.715,-25.746,-10.614,12.117,-23.317,-8.302,10.263,-23.398,-5.869,13.251,-20.567,-7.207,15.486,-17.339,-7.310,13.561,-16.187,-3.822,14.559,-13.929,-3.048,11.632,-11.798,-0.713,13.752,-11.630,0.988,10.390,-8.200,2.653,10.590,-6.300,3.156,7.306,-3.315,5.195,6.235,-4.170,8.364,4.248,-1.451,9.445,1.794,-1.024,10.985,-1.655,2.161,11.299,-3.714,4.150,10.940,-6.941,6.947,8.735,-8.284,9.609,10.746,-10.112,11.514,9.608,-13.229,14.728,9.195,-11.145,12.987,6.392,-9.122,12.512,8.700,-6.112,9.082,9.499,-4.669,7.481,12.464,-2.907,4.488,12.622,-0.582,2.279,15.464,-1.807,0.258,14.880,1.396,1.667,13.763,4.790,1.253,10.131,5.747,-1.616,10.243,8.280,-3.674,7.671,10.217,-7.436,8.111,9.630,-10.570,6.525,11.115,-12.919,5.607,8.228,-16.543,6.772,8.162,-19.554,4.523,8.839,-20.072,2.058,5.933,-16.349,2.281,4.936,-14.962,-1.244,5.453,-11.738,-1.287,3.351,-8.426,0.484,2.876,-6.998,0.857,-0.632,-3.837,1.754,-2.514,-4.188,3.004,-6.110,-1.236,3.390,-8.535,-2.090,5.683,-11.473,0.288,4.770,-14.355,0.245,7.610,-16.883,2.929,7.510,-19.618,5.057,10.174,-17.840,3.664,10.232,-14.273,2.989,7.497,-11.728,0.803,8.795,-8.868,-0.305,6.838,-5.788,-3.199,7.290,-3.352,-4.147,5.351,-0.200,-7.279,6.041,1.878,-10.437,4.486,3.319,-13.119,3.158,0.961,-16.271,1.047,0.898,-16.532,-2.467,-0.573,-18.452,-1.089,-3.590,-15.636,1.239,-4.770,-13.236,-1.682,-4.244,-15.567,-4.111,-6.119,-16.487,-1.780,-9.011,-13.020,-0.301,-9.665,-11.465,-3.806,-9.362,-12.741,-7.118,-10.841,-12.832,-9.151,-7.551,-11.673,-12.440,-9.193,-8.390,-12.397,-7.191,-8.269,-12.987,-3.416,-5.121,-10.775,-3.279,-3.576,-8.144,-5.582,-3.809,-4.826,-7.417,-6.104,-4.595,-10.468,-6.275,-2.353,-13.539,-8.642,0.627,-13.189,-10.716,2.172,-15.999,-8.278,5.142,-15.857,-5.066,3.130,-16.479,-4.011,2.684,-12.814,-3.814,-0.307,-10.455,-6.141,-0.377,-7.386,-5.541,-2.753,-4.439,-7.984,-3.140,-1.518,-7.686,-4.785,1.922,-9.902,-5.090,5.021,-7.326,-5.213,7.872,-6.228,-2.302,10.105,-3.560,-0.188,8.314,-3.263,-2.912,5.644,-2.780,-0.487,2.724,0.748,0.108,4.069,1.724,-3.549,3.559,0.512,-3.215,-0.051,2.646,-0.122,-0.780,5.640,-1.712,1.028,5.391,-4.799,-1.213,5.261,-2.570,-4.321,7.832,-0.029,-2.983,9.918,-1.154,0.038,11.369,2.396,0.206,7.971,3.696,1.450,8.898,2.346,4.883,11.128,5.373,5.778,7.892,7.369,6.268,6.632,5.006,9.010,5.799,6.782,12.294,7.339,3.691,13.801,10.922,3.262,12.506,11.096,0.140,14.751,8.849,-2.097,12.586,11.307,-1.851,9.643,14.245,-3.584,11.379,11.983,-6.649,11.818,10.515,-6.715,8.282,13.600,-5.957,6.148,16.748,-6.776,8.252,18.607,-4.074,6.189,17.417,-0.701,4.870,15.777,-1.113,1.427,18.156,-0.023,-1.331,16.209,2.874,-2.864,17.346,3.811,-6.402,17.627,0.595,-8.504,14.169,-0.036,-9.978,15.499,-0.515,-13.528,13.222,1.115,-16.116,10.270,-0.992,-17.065,10.893,0.018,-20.686,7.692,1.805,-21.713,7.102,1.024,-25.369,6.564,4.642,-26.445,4.414,3.540,-29.431,1.694,1.355,-27.832,0.647,2.842,-24.447,1.088,-0.841,-23.407,3.503,-2.158,-20.789,4.898,-5.145,-22.685,7.007,-7.097,-20.168,5.641,-7.407,-16.613,7.003,-10.886,-16.221,6.223,-11.205,-12.497,9.552,-12.315,-11.188,7.970,-13.060,-7.815,10.777,-12.219,-5.416,10.237,-15.154,-3.051,11.691,-14.229,0.330,12.686,-17.495,2.015",MKSMWLLFKYFFFIAAVCHNSKCNKTKGRKGVTSTDIGFNSTCYSFFGEFRENGSFQLTEPLTTVSCNQGVNHCFVEFYRLAYYTWFNGQCDNSFACIYESDYTFSNGCQATLHGGDRCCCSNKLCNFDIILKERPCFAKYLPQQQVLKRLFGRAPICGLIKNASLDRNTNRIHGYQRERIYFY,6279.0,Brugia malayi,80849.0,cellular organisms; Bacteria; Pseudomonadota; Alphaproteobacteria; Rickettsiales; Anaplasmataceae; Wolbachieae; Wolbachia; unclassified Wolbachia,cellular organisms,Bacteria,Pseudomonadota,Alphaproteobacteria,Rickettsiales,Anaplasmataceae,Wolbachieae,Wolbachia,True,top_prob
43543,muscarinic_toxin_7_6WJC,AFDB50,AF-A0A5S6PE76-F1-model_v4 Uncharacterized protein,22.6,75,48,2,4,68,6,80,1.0,0.07889,126,69,104,SLTCVKSNSIWFPTSEDCPDGQNLCFKRWQYISPRMYDFTRGCAA---------TCPKAEY-RDVINCCGTDKCN,SLDCLTGRLNFGLMYTQCSANVNYCAKMATIDPVQGLIIEKGCDAENFCATIGSRCLYDNYNEMEICCCRSNLCN,"-22.463,-4.119,21.877,-22.007,-4.328,18.093,-18.314,-5.081,17.495,-17.722,-2.651,14.649,-14.532,-4.431,13.551,-12.491,-1.432,12.387,-10.467,-2.276,9.257,-6.691,-2.574,9.814,-4.510,-1.119,7.004,-0.858,-0.398,6.314,-0.238,3.377,6.511,2.681,5.538,5.338,5.226,5.417,2.511,7.384,2.513,1.289,11.005,3.108,2.438,9.920,5.954,4.790,8.198,3.768,7.430,5.144,1.572,6.950,2.966,1.332,10.083,-0.091,-0.743,10.914,-3.104,1.453,11.706,-6.641,0.645,12.751,-8.868,2.741,10.478,-11.815,4.830,11.628,-15.102,2.881,11.875,-16.393,4.643,8.717,-13.438,3.420,6.573,-14.239,0.280,4.546,-11.080,0.135,2.370,-7.306,0.099,2.458,-5.697,2.188,-0.305,-2.288,1.897,-1.991,-1.125,4.687,-4.342,1.933,4.262,-6.613,3.421,7.274,-8.450,6.683,7.980,-10.312,8.673,10.922,-8.937,11.511,12.111,-11.232,13.899,12.473,-8.247,12.751,9.702,-5.837,11.628,7.066,-8.419,8.721,4.751,-7.536,6.704,6.220,-4.646,4.265,3.838,-2.925,1.878,5.331,-0.335,-0.564,3.245,1.739,-3.473,4.107,4.028,-7.079,3.971,5.185,-9.380,5.323,2.419,-10.644,8.283,4.473,-11.647,10.217,1.303,-13.783,7.278,0.040,-11.970,7.083,-3.344,-12.165,3.262,-3.130,-16.001,3.396,-3.054,-15.906,4.318,-6.780,-12.879,2.114,-7.569,-14.033,-1.015,-5.652,-11.610,-3.832,-4.685,-9.300,-3.403,-7.732,-6.398,-1.399,-9.168,-6.905,1.533,-11.563,-4.098,3.142,-13.569,-4.358,6.850,-14.454,-2.223,7.492,-17.541,-2.486,11.288,-17.052,-0.920,11.362,-13.553,1.201,8.194,-14.032,-0.596,6.966,-10.900,-1.849,3.524,-9.817,-4.553,3.388,-7.108,-5.274,-0.064,-5.601,-8.194,-0.649,-3.205,-9.108,-3.658,-1.010,-11.483,-4.563,1.861,-9.609,-6.923,4.246,-7.136,-6.446,7.126,-3.665,-5.435,5.822,-4.705,-6.263,2.227,-2.713,-3.267,0.903,0.403,-5.279,1.964,0.792,-6.565,-1.624,3.488,-4.775,-3.615,2.331,-3.492,-7.017,3.742,-6.481,-8.945,1.903,-6.097,-12.243,4.303,-4.609,-14.854,7.828,-6.057,-14.362,7.243,-9.773,-13.603,4.727,-10.723,-16.346,7.128,-9.984,-19.255,9.893,-11.621,-17.251,7.835,-14.846,-16.804,6.853,-14.838,-20.506,10.535,-14.371,-21.484,11.680,-17.206,-19.151,8.912,-19.510,-20.500,9.989,-18.724,-24.102,13.642,-19.483,-23.204,12.638,-22.823,-21.563,10.498,-23.876,-24.581,13.348,-23.097,-27.035,15.841,-25.246,-25.033,13.615,-28.397,-24.564",MILVNSLDCLTGRLNFGLMYTQCSANVNYCAKMATIDPVQGLIIEKGCDAENFCATIGSRCLYDNYNEMEICCCRSNLCNGSMTYLYYWLPCLIITFIFITINL,6279.0,Brugia malayi,80849.0,cellular organisms; Bacteria; Pseudomonadota; Alphaproteobacteria; Rickettsiales; Anaplasmataceae; Wolbachieae; Wolbachia; unclassified Wolbachia,cellular organisms,Bacteria,Pseudomonadota,Alphaproteobacteria,Rickettsiales,Anaplasmataceae,Wolbachieae,Wolbachia,True,top_prob
60193,rho__Da1a_8HN1,AFDB-Proteome,AF-A0A5S6PE76-F1-model_v4 Uncharacterized protein,25.6,74,43,3,1,63,7,79,1.0,0.06333,110,65,104,LTCVTSKSIFGITTEDCPDGQNLCFKRRHYVVPKIYDSTRGCAA---------TCPIPENY--DSIHCCKTDKC,LDCLTGRLNFGLMYTQCSANVNYCAKMATIDPVQGLIIEKGCDAENFCATIGSRC-LYDNYNEMEICCCRSNLC,"-22.463,-4.119,21.877,-22.007,-4.328,18.093,-18.314,-5.081,17.495,-17.722,-2.651,14.649,-14.532,-4.431,13.551,-12.491,-1.432,12.387,-10.467,-2.276,9.257,-6.691,-2.574,9.814,-4.510,-1.119,7.004,-0.858,-0.398,6.314,-0.238,3.377,6.511,2.681,5.538,5.338,5.226,5.417,2.511,7.384,2.513,1.289,11.005,3.108,2.438,9.920,5.954,4.790,8.198,3.768,7.430,5.144,1.572,6.950,2.966,1.332,10.083,-0.091,-0.743,10.914,-3.104,1.453,11.706,-6.641,0.645,12.751,-8.868,2.741,10.478,-11.815,4.830,11.628,-15.102,2.881,11.875,-16.393,4.643,8.717,-13.438,3.420,6.573,-14.239,0.280,4.546,-11.080,0.135,2.370,-7.306,0.099,2.458,-5.697,2.188,-0.305,-2.288,1.897,-1.991,-1.125,4.687,-4.342,1.933,4.262,-6.613,3.421,7.274,-8.450,6.683,7.980,-10.312,8.673,10.922,-8.937,11.511,12.111,-11.232,13.899,12.473,-8.247,12.751,9.702,-5.837,11.628,7.066,-8.419,8.721,4.751,-7.536,6.704,6.220,-4.646,4.265,3.838,-2.925,1.878,5.331,-0.335,-0.564,3.245,1.739,-3.473,4.107,4.028,-7.079,3.971,5.185,-9.380,5.323,2.419,-10.644,8.283,4.473,-11.647,10.217,1.303,-13.783,7.278,0.040,-11.970,7.083,-3.344,-12.165,3.262,-3.130,-16.001,3.396,-3.054,-15.906,4.318,-6.780,-12.879,2.114,-7.569,-14.033,-1.015,-5.652,-11.610,-3.832,-4.685,-9.300,-3.403,-7.732,-6.398,-1.399,-9.168,-6.905,1.533,-11.563,-4.098,3.142,-13.569,-4.358,6.850,-14.454,-2.223,7.492,-17.541,-2.486,11.288,-17.052,-0.920,11.362,-13.553,1.201,8.194,-14.032,-0.596,6.966,-10.900,-1.849,3.524,-9.817,-4.553,3.388,-7.108,-5.274,-0.064,-5.601,-8.194,-0.649,-3.205,-9.108,-3.658,-1.010,-11.483,-4.563,1.861,-9.609,-6.923,4.246,-7.136,-6.446,7.126,-3.665,-5.435,5.822,-4.705,-6.263,2.227,-2.713,-3.267,0.903,0.403,-5.279,1.964,0.792,-6.565,-1.624,3.488,-4.775,-3.615,2.331,-3.492,-7.017,3.742,-6.481,-8.945,1.903,-6.097,-12.243,4.303,-4.609,-14.854,7.828,-6.057,-14.362,7.243,-9.773,-13.603,4.727,-10.723,-16.346,7.128,-9.984,-19.255,9.893,-11.621,-17.251,7.835,-14.846,-16.804,6.853,-14.838,-20.506,10.535,-14.371,-21.484,11.680,-17.206,-19.151,8.912,-19.510,-20.500,9.989,-18.724,-24.102,13.642,-19.483,-23.204,12.638,-22.823,-21.563,10.498,-23.876,-24.581,13.348,-23.097,-27.035,15.841,-25.246,-25.033,13.615,-28.397,-24.564",MILVNSLDCLTGRLNFGLMYTQCSANVNYCAKMATIDPVQGLIIEKGCDAENFCATIGSRCLYDNYNEMEICCCRSNLCNGSMTYLYYWLPCLIITFIFITINL,6279.0,Brugia malayi,80849.0,cellular organisms; Bacteria; Pseudomonadota; Alphaproteobacteria; Rickettsiales; Anaplasmataceae; Wolbachieae; Wolbachia; unclassified Wolbachia,cellular organisms,Bacteria,Pseudomonadota,Alphaproteobacteria,Rickettsiales,Anaplasmataceae,Wolbachieae,Wolbachia,True,top_prob
76056,Pancreatic_polypeptide_7X9C,CATH50,af_B7ZYV4_369_566_2.40.37.10,35.4,31,15,3,2,31,36,62,0.045,7.09,23,35,198,PLEPVYPGDNATPEQMAQYAADLRRY-INML,PRAPVGG---AT-AAVYSHAADLKKHGIEMY,"-2.871,6.473,-9.185,0.880,6.795,-9.838,3.726,5.473,-11.966,7.516,5.928,-11.869,9.088,7.039,-15.182,12.610,5.716,-15.719,14.904,7.294,-18.316,17.168,4.891,-20.242,20.752,6.248,-20.288,22.412,3.340,-22.156,21.806,-0.263,-23.255,24.827,-2.636,-23.341,25.096,-6.461,-23.735,25.360,-8.173,-20.315,28.889,-9.606,-19.749,28.818,-13.390,-20.209,30.017,-15.671,-17.365,33.098,-17.786,-18.361,31.356,-21.056,-17.279,29.265,-22.856,-19.978,25.743,-24.284,-19.363,27.271,-27.827,-19.475,30.031,-26.954,-16.926,27.427,-25.477,-14.517,25.177,-28.569,-14.941,28.142,-30.911,-14.202,28.975,-28.843,-11.043,25.314,-29.119,-9.864,25.389,-32.919,-10.459,28.722,-33.344,-8.558,27.350,-31.169,-5.709,24.123,-33.301,-5.588,26.295,-36.448,-4.973,28.139,-34.637,-2.072,25.007,-34.105,0.095,25.828,-33.771,3.875,25.380,-37.168,5.626,23.188,-37.509,8.721,25.214,-37.796,11.990,25.516,-41.262,13.584,24.049,-40.601,17.081,21.430,-38.238,18.637,23.677,-35.552,20.228,21.848,-32.149,19.845,25.135,-30.464,18.760,25.668,-32.977,15.883,22.046,-32.432,14.681,22.587,-28.628,14.772,25.900,-28.887,12.809,24.229,-31.175,10.237,21.322,-28.698,9.799,23.912,-25.907,9.196,25.787,-28.059,6.593,22.468,-28.889,4.820,21.653,-25.134,4.736,25.113,-24.299,3.253,24.746,-27.108,0.675,21.253,-25.887,-0.365,22.602,-22.297,-0.788,25.483,-23.513,-3.046,23.023,-25.608,-5.148,20.710,-22.551,-5.398,23.605,-20.240,-6.494,24.703,-22.690,-9.231,21.050,-23.202,-10.327,20.571,-19.382,-10.558,23.807,-19.096,-12.645,22.703,-21.979,-14.920,19.280,-20.309,-15.473,20.996,-17.008,-16.461,23.558,-18.800,-18.714,20.843,-20.815,-20.563,18.942,-17.553,-21.306,22.206,-15.833,-22.426,23.121,-18.840,-24.682,19.666,-18.544,-26.374,19.536,-14.700,-26.692,21.801,-11.702,-25.967,20.600,-10.127,-22.696,21.089,-6.335,-22.448,21.661,-4.206,-19.329,19.492,-1.072,-19.678,21.091,1.541,-17.413,18.199,3.529,-15.926,18.338,6.946,-14.215,17.133,5.147,-11.049,17.908,4.255,-7.448,16.078,0.972,-6.599,16.597,1.761,-2.879,14.933,5.213,-3.252,12.042,4.383,-5.632,11.485,0.594,-5.344,12.161,-0.309,-1.643,9.547,-3.162,-1.612,11.239,-4.755,-4.699,14.567,-4.828,-2.817,13.249,-5.487,0.731,10.469,-8.093,0.162,10.818,-9.156,-3.528,7.641,-7.247,-4.558,7.096,-7.283,-8.338,5.668,-4.310,-10.251,4.346,-4.161,-13.815,7.039,-2.588,-15.999,6.799,-1.633,-19.687,8.018,0.907,-22.305,6.026,4.186,-22.361,6.153,4.340,-26.214,6.802,2.206,-29.370,4.318,-0.499,-28.197,3.190,-0.657,-31.875,6.728,-1.976,-32.700,7.983,-5.471,-31.775,10.398,-5.369,-28.782,13.351,-7.383,-30.206,15.688,-7.232,-27.143,15.717,-9.015,-23.763,16.641,-6.435,-21.108,17.394,-6.176,-17.400,17.102,-2.753,-15.704,20.290,-1.586,-13.906,20.230,1.440,-11.589,22.939,4.191,-11.164,23.984,3.091,-7.640,27.378,1.496,-6.908,25.568,-1.457,-5.224,25.097,-4.744,-7.136,21.583,-5.106,-5.596,20.652,-1.996,-7.723,19.344,-4.360,-10.491,15.839,-5.390,-11.625,16.166,-8.958,-12.968,12.736,-10.390,-11.976,9.497,-9.289,-13.684,5.748,-10.047,-13.254,6.039,-12.509,-16.213,8.280,-14.637,-13.858,11.036,-14.192,-16.475,14.490,-12.764,-15.660,14.207,-10.263,-18.584,11.827,-7.581,-19.894,11.076,-7.368,-23.675,12.509,-3.975,-24.812,13.194,-1.979,-27.994,16.656,-0.994,-29.258,17.824,2.101,-27.362,19.041,4.749,-29.830,19.804,8.247,-28.341,19.183,9.818,-31.818,15.463,8.769,-31.646,14.908,10.815,-28.425,14.161,9.627,-24.875,13.394,5.942,-24.171,11.267,5.546,-21.038,10.117,2.571,-18.936,7.123,3.004,-16.631,6.929,1.190,-13.284,3.174,0.910,-12.698,0.924,0.245,-9.676,3.663,1.907,-7.516,1.621,4.523,-5.546,1.483,2.517,-2.273,4.446,2.332,0.221,7.259,3.170,-2.275,7.505,6.880,-1.342,6.884,6.176,2.391,9.799,3.663,2.708,12.171,5.449,0.236,15.868,5.063,1.153,18.761,7.525,0.559,21.348,4.975,-0.684,24.346,6.806,-2.275,22.483,10.038,-1.281,19.974,9.484,-4.130,16.639,10.706,-2.702,13.186,11.607,-4.048,11.864,11.899,-7.664,10.376,14.874,-9.504,6.603,14.735,-8.737,4.244,15.555,-11.647,0.529,15.980,-10.907,-1.794,15.433,-13.881,-5.516,16.245,-13.987,-7.927,15.120,-16.692,-9.011,18.022,-18.953,-12.052,18.384,-21.242,-10.724,21.674,-22.722,-7.031,20.985,-23.555,-5.672,19.073,-26.530,-4.578,15.562,-25.392,-7.211,15.351,-22.580,-4.971,16.451,-19.632,-3.272,19.322,-17.814,-0.161,19.472,-15.615,-1.438,20.944,-12.317,2.029,20.937,-10.706,5.685,19.935,-11.111,7.679,19.597,-7.857",HSMIILETLSAIPEPQDEDTSEQLLNRIQDLSYKQPRAPVGGATAAVYSHAADLKKHGIEMYKLGKKLGKRVVADANTVYNYHMNLSVFSLLPDFWGIGQLFPMMPVSRLNEEPTLKGTLVDITCDSDGKIENFISRENTLPLHLFEPSLGGYYVAVLVSGAYQEAIAGKHNLFSGPTLVRVNSSTTKDGGFEIERVD,1753.0,Propioniferax innocua,1753.0,cellular organisms; Bacteria; Terrabacteria group; Actinomycetota; Actinomycetes; Propionibacteriales; Propionibacteriaceae; Propioniferax,cellular organisms,Bacteria,Terrabacteria group,Actinomycetota,Actinomycetes,Propionibacteriales,Propionibacteriaceae,Propioniferax,True,top_both
60117,Galanin__Human_7XJK,CATH50,af_A0A1D6E3G2_345_488_3.30.70.330,33.3,15,10,0,2,16,110,124,0.057,6.777,25,16,144,WTLNSAGYLLGPHAV,WETSVVQHLINPHAC,"-9.298,-6.345,-2.854,-8.258,-8.130,0.387,-9.403,-5.013,2.323,-12.833,-4.982,0.562,-13.176,-8.766,1.201,-12.424,-8.236,4.945,-15.083,-5.444,5.005,-17.864,-7.686,3.534,-18.879,-8.527,7.158,-18.562,-4.867,8.295,-21.374,-2.501,9.374,-21.388,1.301,9.764,-23.231,2.323,12.964,-24.316,5.990,12.954,-25.153,7.492,16.370,-27.797,10.215,16.644,-27.460,11.766,20.119,-27.328,15.143,21.910,-24.234,13.878,23.866,-20.970,12.111,23.008,-21.687,8.328,23.208,-18.736,6.032,24.001,-17.943,2.903,21.934,-18.434,0.769,25.108,-22.049,2.068,25.583,-22.845,0.994,21.978,-21.172,-2.440,22.540,-23.318,-3.043,25.697,-26.459,-2.324,23.584,-25.403,-4.367,20.500,-23.522,-7.413,21.908,-26.605,-9.025,23.656,-28.797,-8.333,20.551,-26.208,-9.996,18.244,-25.754,-13.006,20.627,-22.102,-11.888,21.097,-19.803,-11.645,24.100,-19.159,-7.938,24.989,-15.396,-8.541,24.333,-16.125,-10.108,20.882,-17.683,-6.927,19.365,-14.970,-4.394,18.415,-16.245,-0.914,17.466,-13.895,1.655,15.875,-14.422,5.379,15.317,-15.303,5.945,11.607,-16.446,9.623,11.873,-17.455,12.036,14.731,-20.912,10.307,14.914,-20.189,6.912,13.252,-18.507,3.647,14.257,-17.329,0.693,12.136,-18.190,-2.804,13.434,-16.343,-5.763,11.831,-18.497,-8.832,12.524,-17.043,-12.404,12.562,-19.822,-13.757,10.257,-22.458,-12.728,7.673,-25.346,-13.966,9.936,-24.567,-11.313,12.602,-24.191,-8.637,9.877,-27.594,-9.557,8.386,-29.069,-9.677,11.949,-27.623,-6.186,12.701,-28.720,-4.610,9.366,-32.072,-6.379,8.766,-33.397,-6.834,12.393,-31.506,-4.043,14.245,-31.241,-1.384,11.477,-32.572,1.233,13.969,-32.212,0.904,17.781,-33.764,3.497,20.120,-32.145,3.872,23.543,-33.259,6.498,26.148,-30.386,8.915,25.307,-29.425,8.054,21.682,-30.527,6.335,18.465,-28.339,3.870,16.522,-28.678,3.417,12.741,-26.941,0.334,11.304,-26.058,-0.147,7.597,-23.854,-2.587,5.607,-20.440,-1.067,4.814,-19.961,-0.133,1.124,-16.864,0.904,-0.877,-18.989,3.894,-2.087,-19.113,5.427,1.461,-18.105,9.110,0.962,-17.168,8.521,-2.723,-18.333,10.597,-5.723,-18.406,8.730,-9.058,-15.840,9.822,-11.686,-14.304,8.421,-14.944,-10.891,8.681,-16.683,-11.976,9.704,-20.234,-8.654,9.858,-22.114,-6.457,6.918,-23.073,-3.015,8.307,-24.037,0.298,6.878,-25.125,3.102,7.972,-22.752,6.779,8.235,-23.721,9.184,8.579,-20.766,12.835,9.517,-21.482,15.939,9.721,-19.254,14.706,6.971,-16.877,17.726,5.295,-15.185,18.027,1.539,-16.035,17.716,0.406,-12.361,14.390,2.346,-12.113,13.003,0.973,-15.466,10.046,-0.629,-13.634,6.320,-0.126,-14.354,6.055,0.452,-10.559,8.413,3.515,-10.746,6.736,4.869,-13.926,3.318,4.533,-12.198,4.658,6.681,-9.290,6.119,9.231,-11.757,2.781,9.753,-13.629,0.771,9.894,-10.348,-1.315,11.964,-9.559,-2.463,12.560,-13.195,-2.675,9.082,-14.828,-2.825,5.277,-14.328,-1.002,2.739,-16.544,-3.339,0.453,-18.506,-0.587,-1.508,-20.303,3.131,-1.342,-21.147,3.797,-1.287,-24.910,5.628,-4.304,-26.520,8.796,-2.254,-27.344,9.305,-1.607,-23.590,8.183,-5.114,-22.489,10.713,-6.663,-24.930,13.456,-4.104,-23.980,13.861,-3.219,-27.731,14.420,0.448,-26.801,16.010,1.475,-23.438,15.988,5.221,-24.360,12.147,5.411,-24.153,9.678,3.737,-21.774,6.368,3.452,-23.722,2.992,2.697,-22.082,-0.737,3.399,-22.459",SIAEDNLKTAAVITVVSSRDVSADEIVLVLAPRLEMEVGGLVLRQFSQSSFLAVLPNQVQLDTLVDRFHIIREENFMLSSRRWTSFGGAVGNSLKHLVELELRDLPLHAWETSVVQHLINPHACISHVLPDTLEIRNLEVFRCL,1753.0,Propioniferax innocua,1753.0,cellular organisms; Bacteria; Terrabacteria group; Actinomycetota; Actinomycetes; Propionibacteriales; Propionibacteriaceae; Propioniferax,cellular organisms,Bacteria,Terrabacteria group,Actinomycetota,Actinomycetes,Propionibacteriales,Propionibacteriaceae,Propioniferax,True,top_both
8733,Fractalkine_7RKN,CATH50,af_A0A1D6FD19_418_460_2.40.50.740,30.0,20,13,1,35,53,12,31,0.024,6.716,19,68,43,GKRAIILETRQHRLFC-ADP,QKGIPYLNTYDDRTIRYPDP,"-25.881,-16.391,11.825,-27.503,-13.890,14.185,-30.406,-12.164,12.361,-32.832,-9.458,13.571,-36.568,-10.185,13.008,-38.337,-7.561,10.801,-41.835,-9.153,11.124,-43.731,-12.319,12.226,-46.754,-13.201,10.017,-49.135,-16.030,8.949,-49.034,-17.430,5.388,-51.454,-19.462,3.271,-53.000,-22.335,5.348,-52.138,-20.453,8.622,-48.410,-21.421,8.489,-46.415,-19.019,10.766,-43.319,-17.399,9.237,-40.941,-14.549,10.079,-38.977,-12.186,7.834,-35.482,-10.958,8.868,-33.774,-7.603,8.166,-31.474,-9.490,5.670,-34.606,-10.487,3.624,-34.747,-14.178,4.761,-38.177,-15.821,5.212,-38.125,-18.502,7.975,-41.171,-20.841,8.284,-42.290,-22.383,11.617,-40.514,-19.903,13.994,-40.795,-20.389,17.782,-44.227,-18.869,18.852,-42.385,-16.774,21.513,-40.463,-14.800,18.782,-41.561,-11.157,18.120,-40.530,-8.347,15.758,-37.109,-6.832,16.735,-35.922,-10.117,18.385,-32.414,-11.430,17.548,-32.619,-15.056,16.361,-29.837,-17.665,15.964,-30.062,-19.316,12.488,-28.086,-22.526,11.652,-26.291,-22.044,8.252",KLCKVRSVQFGQKGIPYLNTYDDRTIRYPDPLIKANDTIKIDL,1753.0,Propioniferax innocua,1753.0,cellular organisms; Bacteria; Terrabacteria group; Actinomycetota; Actinomycetes; Propionibacteriales; Propionibacteriaceae; Propioniferax,cellular organisms,Bacteria,Terrabacteria group,Actinomycetota,Actinomycetes,Propionibacteriales,Propionibacteriaceae,Propioniferax,True,top_both
8718,Fractalkine_7RKN,CATH50,af_A0A1D6HAR5_30_302_3.50.50.60,28.5,21,15,0,31,51,31,51,0.034,6.289,21,68,273,QASCGKRAIILETRQHRLFCA,QQDPGTHGPILTTVDGGTIRA,"-0.972,12.006,-9.152,1.633,11.466,-6.467,0.852,12.539,-2.899,3.248,12.523,0.063,2.027,9.848,2.504,2.346,12.389,5.370,0.031,14.961,3.686,-2.530,12.250,2.788,-2.596,10.790,6.357,-2.709,14.257,8.025,-5.547,15.327,5.679,-7.583,12.163,6.504,-6.810,12.460,10.268,-8.117,16.105,10.290,-11.503,14.839,8.940,-12.301,12.476,11.896,-13.701,13.593,15.322,-11.226,14.838,17.962,-10.167,12.030,20.378,-10.858,9.268,17.745,-7.083,8.511,17.425,-5.254,6.833,20.343,-1.460,6.752,19.846,0.768,4.394,21.924,-2.050,1.764,21.754,-0.046,-1.347,20.724,-2.442,-4.353,20.493,-0.727,-7.649,21.502,-3.699,-10.060,21.847,-7.267,-10.424,20.496,-9.951,-12.678,22.031,-13.704,-13.223,21.614,-15.930,-12.136,24.484,-17.756,-15.312,25.731,-21.133,-13.491,26.170,-21.323,-10.844,23.391,-19.011,-12.642,20.872,-17.412,-9.174,20.337,-13.610,-8.684,20.006,-11.621,-7.918,23.190,-8.182,-6.412,22.507,-5.289,-6.513,25.006,-2.734,-3.678,24.748,1.026,-3.919,25.553,0.463,-1.892,28.788,-2.141,-4.510,29.958,-5.151,-2.318,29.002,-8.331,-3.858,27.527,-10.547,-2.558,24.694,-14.019,-4.051,24.086,-15.381,-3.430,20.575,-18.573,-4.287,18.611,-16.436,-4.288,15.391,-12.671,-4.755,14.867,-10.896,-3.698,11.626,-7.172,-4.532,11.195,-5.332,-1.807,9.197,-1.995,-2.672,10.958,-0.032,-3.600,7.792,1.937,-6.668,6.586,2.770,-7.823,10.198,-0.876,-7.438,11.359,-1.878,-8.873,14.758,-5.549,-8.867,13.567,-4.569,-10.891,10.451,-2.756,-13.386,12.765,-5.879,-13.650,14.994,-7.917,-14.422,11.813,-5.488,-17.354,11.093,-3.828,-15.612,8.096,-0.306,-16.943,7.341,2.462,-14.243,7.278,3.286,-12.460,3.954,6.159,-13.847,1.839,9.258,-11.778,0.994,10.863,-10.981,-2.372,14.652,-10.399,-1.780,14.751,-6.924,-3.379,16.170,-3.713,-1.975,14.194,-0.538,-2.725,15.652,2.925,-2.137,13.013,5.710,-2.187,13.272,9.457,-1.672,12.383,12.974,-2.725,14.405,15.466,-4.776,13.653,19.180,-4.434,13.743,21.435,-7.526,13.656,25.072,-6.200,13.107,26.493,-9.754,10.799,23.620,-10.827,11.628,20.211,-12.333,11.810,19.728,-16.170,9.699,16.493,-16.032,6.133,15.943,-17.358,3.276,14.622,-15.108,4.102,11.011,-16.171,4.987,7.895,-14.206,8.394,6.905,-15.588,9.719,3.343,-15.082,13.147,2.609,-16.625,14.970,-0.712,-16.525,18.513,0.336,-15.591,21.441,-1.847,-16.754,21.079,-5.449,-15.472,18.356,-5.999,-12.788,17.912,-2.330,-11.672,14.601,-0.468,-12.065,14.279,3.289,-11.602,10.924,4.990,-11.092,10.194,8.744,-11.193,6.961,10.512,-10.279,6.340,14.290,-9.868,4.581,15.269,-6.590,4.564,19.058,-7.165,6.303,21.487,-9.596,9.223,21.599,-7.091,9.206,18.009,-5.690,9.902,14.664,-7.391,9.527,11.207,-5.852,11.897,8.484,-7.050,12.630,4.859,-6.367,15.537,2.569,-7.277,15.102,-1.221,-6.944,17.622,-4.043,-7.296,17.940,-7.720,-6.291,19.405,-7.916,-2.777,23.218,-7.686,-3.015,25.167,-10.920,-2.193,25.412,-11.817,1.543,28.525,-9.751,2.481,27.562,-6.275,1.216,26.289,-4.746,4.528,23.278,-3.105,2.651,21.035,-6.063,3.734,21.227,-5.287,7.535,18.768,-2.915,9.308,21.813,-0.853,10.408,23.032,0.355,6.983,22.395,4.042,6.468,20.112,5.061,3.597,23.148,7.146,2.411,25.417,4.056,1.993,22.582,2.388,-0.006,22.239,5.537,-2.160,26.024,5.707,-2.844,26.173,2.027,-3.901,23.121,2.495,-6.185,24.606,5.736,-7.668,27.811,3.862,-8.675,25.684,1.397,-10.739,23.282,4.066,-12.092,26.226,6.103,-13.575,27.090,3.164,-15.884,23.525,2.504,-17.132,21.128,5.476,-16.699,20.872,8.902,-18.315,22.633,11.795,-16.412,19.302,13.361,-15.269,18.340,10.113,-13.420,21.770,9.986,-11.714,21.483,13.703,-10.772,17.926,13.240,-9.363,19.135,10.403,-7.048,22.387,12.305,-6.221,20.503,15.519,-5.207,17.892,13.602,-3.146,17.124,15.015,0.325,18.983,12.730,2.861,16.114,13.050,5.428,13.653,11.784,2.772,15.625,8.570,2.081,13.981,5.231,2.918,15.408,1.716,2.345,13.255,-1.431,2.156,15.306,-4.695,2.033,12.302,-6.927,1.190,9.080,-6.514,-0.781,6.267,-8.213,1.210,3.362,-9.982,-0.515,0.526,-12.424,0.228,0.343,-15.020,-2.542,-2.665,-14.476,-4.870,-4.142,-17.854,-3.705,-3.961,-16.807,-0.031,-5.785,-13.606,-1.115,-8.376,-15.604,-3.122,-9.049,-18.317,-0.465,-8.449,-16.864,3.061,-11.451,-16.131,5.362,-10.426,-12.459,6.101,-13.124,-12.304,8.805,-14.386,-13.914,12.038,-17.697,-12.617,13.463,-17.415,-8.775,13.543,-13.571,-8.903,13.029,-11.993,-8.132,9.591,-8.816,-6.761,7.870,-8.045,-4.132,5.177,-5.038,-2.880,3.149,-1.672,-4.687,3.583,-3.149,-6.784,6.472,-5.596,-8.339,3.915,-3.806,-8.042,0.539,-0.118,-6.997,0.876,1.317,-7.042,-2.675,4.448,-5.986,-4.548,4.596,-2.323,-5.767,4.946,-3.595,-9.410,1.534,-2.139,-10.488,1.307,0.704,-7.875,-2.113,-0.515,-6.521,-1.502,-1.374,-2.794,-2.384,2.106,-1.408,-5.292,2.664,-3.860,-6.733,-0.793,-2.981,-6.532,0.118,0.762,-8.543,3.330,0.030,-11.071,1.241,-1.977,-11.389,-1.087,1.094,-12.223,1.910,3.345,-15.075,2.986,0.967,-16.532,-0.555,0.702,-16.198,-1.078,4.510,-18.009,2.206,5.299,-20.792,1.350,2.788,-21.206,-2.287,3.967,-21.433,-1.043,7.598,-23.962,1.700,6.650,-26.185,-0.790,4.709,-26.128,-3.401,7.484,-27.016,-0.708,10.076,-29.932,0.577,7.902,-31.214,-3.026,7.398,-31.065,-3.780,11.195,-28.369,-6.359,10.257,-25.674,-7.436,12.744,-22.044,-6.197,12.362,-20.924,-9.679,11.180,-23.223,-9.285,8.109,-21.507,-5.967,7.156,-18.072,-7.637,7.505,-19.167,-10.584,5.270,-20.559,-8.186,2.603,-17.253,-6.232,2.616,-15.070,-9.387,2.262,-17.402,-10.812,-0.454,-17.266,-7.582,-2.521,-13.493,-6.936,-2.097,-12.089,-10.505,-2.495,-12.361,-10.771,-6.370,-10.938,-7.223,-6.802,-7.946,-7.680,-4.437,-7.219,-11.253,-5.677,-6.908,-9.988,-9.307,-4.635,-7.079,-8.206,-2.506,-9.499,-6.119,-2.210,-11.861,-9.146,-1.323,-9.050,-11.602,1.298,-7.658,-9.153,2.723,-11.175,-8.518,3.060,-11.893,-12.288,4.522,-8.405,-13.020,7.074,-8.951,-10.186,7.856,-12.445,-11.599,8.296,-11.101,-15.180,10.800,-8.531,-13.817,12.908,-11.426,-12.319,12.336,-14.049,-15.057,15.635,-15.170,-16.693,14.231,-17.831,-19.081,12.288,-16.969,-22.261,9.625,-19.571,-21.236,9.118,-17.877,-17.822",RCLRRKDLIETMAKNIPAGSIRFGCHVVAIQQDPGTHGPILTTVDGGTIRAKVLIGCDGGSSAVARYLGLSPPKAIPRTVLRGFTAYPHGHPFGAEFLRIRGGGEFVVGRLPVTRNLVHFFVTMPNPPTGIMLATKDVSATTTKDFMLEKLRDCCAPEIVQMVQDSDPESLNVVNSIRYRSPWQVALAAFHRGAVTVAGDAMHAMGPFIGQGGSAALEDAVVLARSMSRANAAGGGHGAAVREYVRERRPRVALLSLESFVAGTLLRARSLVG,1753.0,Propioniferax innocua,1753.0,cellular organisms; Bacteria; Terrabacteria group; Actinomycetota; Actinomycetes; Propionibacteriales; Propionibacteriaceae; Propioniferax,cellular organisms,Bacteria,Terrabacteria group,Actinomycetota,Actinomycetes,Propionibacteriales,Propionibacteriaceae,Propioniferax,True,top_both
17825,CCL5_7O7F,CATH50,af_A0A1D6JLB6_54_142_3.30.200.20,28.0,25,18,0,23,47,12,36,0.069,4.391,27,67,89,AHIKEYFYTSGKCSNPAVVFVTRKN,TQIKGIRSIGGGCINSAQRYDTDAG,"5.922,5.269,-24.753,9.313,4.970,-26.532,8.843,8.426,-28.086,8.205,10.011,-24.651,11.113,8.109,-22.948,13.588,9.147,-25.721,12.361,12.804,-25.802,10.761,14.127,-22.562,12.254,11.237,-20.465,15.796,12.459,-21.506,17.006,8.921,-22.352,19.211,8.650,-25.480,18.707,4.844,-25.611,16.417,2.073,-24.306,18.857,-0.707,-23.207,16.094,-3.272,-22.501,12.410,-3.867,-21.686,11.408,-6.469,-19.045,7.875,-7.483,-18.080,7.390,-7.092,-14.322,5.028,-9.969,-13.484,1.793,-9.270,-11.545,-1.858,-10.447,-11.975,-3.027,-6.862,-12.576,-5.651,-5.714,-15.129,-2.632,-3.779,-16.564,0.606,-5.069,-18.146,3.604,-3.811,-16.111,7.035,-3.221,-17.730,10.519,-1.967,-16.753,12.242,0.190,-19.382,16.001,0.266,-18.691,17.620,3.379,-20.194,20.818,5.456,-20.034,18.864,8.103,-18.006,17.637,5.467,-15.453,14.801,2.883,-15.270,11.137,3.767,-16.011,8.054,1.859,-14.844,5.299,1.585,-17.473,1.763,0.227,-17.130,-0.349,-0.464,-20.227,-3.980,-1.463,-20.741,-5.108,-2.637,-24.227,-8.879,-2.090,-23.581,-9.354,0.829,-21.131,-9.000,4.487,-22.225,-6.604,7.042,-20.624,-9.224,8.121,-17.975,-8.210,5.282,-15.564,-4.501,6.224,-15.728,-5.363,9.979,-15.554,-7.076,9.236,-12.196,-4.033,7.186,-11.026,-1.548,9.916,-12.140,-3.570,12.679,-10.382,-3.749,10.481,-7.218,0.013,9.722,-7.247,0.767,13.441,-7.882,-1.532,14.568,-5.018,0.178,12.091,-2.611,3.690,13.039,-3.890,3.021,16.773,-3.260,2.309,16.062,0.470,6.047,15.158,0.910,4.987,12.520,3.520,4.952,8.864,2.283,7.011,7.689,-0.736,5.029,7.132,-3.976,6.138,6.646,-7.638,6.364,10.042,-9.394,3.924,9.962,-12.404,5.466,11.348,-15.627,2.970,10.761,-18.483,-0.448,9.316,-19.322,-1.528,8.669,-22.920,-3.511,6.593,-25.421,-1.987,3.634,-27.311,-2.281,3.766,-31.181,-3.667,0.164,-31.118,-6.399,1.191,-28.648,-6.029,1.299,-24.863,-3.810,3.509,-22.659,-0.527,3.782,-20.724,1.126,5.459,-17.712,4.891,6.166,-17.317,6.229,6.691,-13.754,9.343,6.441,-11.539,10.801,2.944,-11.240",IREWILTEGKATQIKGIRSIGGGCINSAQRYDTDAGPFFVKTNSRIGPEMFEGEALGLKAMYDTKSIRVPLPYKVGSLPTGGSFIIMEF,1753.0,Propioniferax innocua,1753.0,cellular organisms; Bacteria; Terrabacteria group; Actinomycetota; Actinomycetes; Propionibacteriales; Propionibacteriaceae; Propioniferax,cellular organisms,Bacteria,Terrabacteria group,Actinomycetota,Actinomycetes,Propionibacteriales,Propionibacteriaceae,Propioniferax,True,top_both
